-- Adminer 4.8.1 MySQL 8.0.30 dump

SET NAMES utf8;
SET time_zone = '+00:00';
SET foreign_key_checks = 0;
SET sql_mode = 'NO_AUTO_VALUE_ON_ZERO';

SET NAMES utf8mb4;

DROP TABLE IF EXISTS `failed_jobs`;
CREATE TABLE `failed_jobs` (
  `id` bigint unsigned NOT NULL AUTO_INCREMENT,
  `uuid` varchar(255) COLLATE utf8mb4_unicode_ci NOT NULL,
  `connection` text COLLATE utf8mb4_unicode_ci NOT NULL,
  `queue` text COLLATE utf8mb4_unicode_ci NOT NULL,
  `payload` longtext COLLATE utf8mb4_unicode_ci NOT NULL,
  `exception` longtext COLLATE utf8mb4_unicode_ci NOT NULL,
  `failed_at` timestamp NOT NULL DEFAULT CURRENT_TIMESTAMP,
  PRIMARY KEY (`id`),
  UNIQUE KEY `failed_jobs_uuid_unique` (`uuid`)
) ENGINE=InnoDB DEFAULT CHARSET=utf8mb4 COLLATE=utf8mb4_unicode_ci;


DROP TABLE IF EXISTS `kabupaten`;
CREATE TABLE `kabupaten` (
  `id` bigint unsigned NOT NULL AUTO_INCREMENT,
  `provinsi_id` bigint unsigned NOT NULL,
  `nama` varchar(32) CHARACTER SET utf8mb4 COLLATE utf8mb4_unicode_ci NOT NULL,
  `chart_01` int DEFAULT NULL,
  `chart_02` int DEFAULT NULL,
  `chart_03` int DEFAULT NULL,
  `progress_proses` int NOT NULL,
  `progress_total` int NOT NULL,
  `created_at` timestamp NULL DEFAULT NULL,
  `updated_at` timestamp NULL DEFAULT NULL,
  PRIMARY KEY (`id`),
  KEY `kabupaten_provinsi_id_foreign` (`provinsi_id`),
  CONSTRAINT `kabupaten_provinsi_id_foreign` FOREIGN KEY (`provinsi_id`) REFERENCES `provinsi` (`id`)
) ENGINE=InnoDB DEFAULT CHARSET=utf8mb4 COLLATE=utf8mb4_unicode_ci;

INSERT INTO `kabupaten` (`id`, `provinsi_id`, `nama`, `chart_01`, `chart_02`, `chart_03`, `progress_proses`, `progress_total`, `created_at`, `updated_at`) VALUES
(1101,	11,	'ACEH SELATAN',	0,	0,	0,	0,	697,	'2024-02-14 10:41:21',	'2024-02-14 10:41:21'),
(1102,	11,	'ACEH TENGGARA',	0,	0,	0,	0,	726,	'2024-02-14 10:34:34',	'2024-02-14 10:34:34'),
(1103,	11,	'ACEH TIMUR',	0,	0,	0,	0,	1252,	'2024-02-14 10:43:25',	'2024-02-14 10:43:25'),
(1104,	11,	'ACEH TENGAH',	0,	0,	0,	0,	657,	'2024-02-14 10:42:00',	'2024-02-14 10:42:00'),
(1105,	11,	'ACEH BARAT',	3315,	925,	72,	25,	639,	'2024-02-14 10:44:12',	'2024-02-14 10:44:12'),
(1106,	11,	'ACEH BESAR',	249,	27,	7,	2,	1264,	'2024-02-14 10:44:29',	'2024-02-14 10:44:29'),
(1107,	11,	'PIDIE',	0,	0,	0,	0,	1406,	'2024-02-14 10:43:51',	'2024-02-14 10:43:51'),
(1108,	11,	'ACEH UTARA',	203,	11,	0,	1,	1909,	'2024-02-14 10:43:36',	'2024-02-14 10:43:36'),
(1109,	11,	'SIMEULUE',	0,	0,	0,	0,	292,	'2024-02-14 10:19:14',	'2024-02-14 10:19:14'),
(1110,	11,	'ACEH SINGKIL',	0,	0,	0,	0,	374,	'2024-02-14 10:31:23',	'2024-02-14 10:31:23'),
(1111,	11,	'BIREUEN',	106,	13,	1,	1,	1361,	'2024-02-14 10:41:53',	'2024-02-14 10:41:53'),
(1112,	11,	'ACEH BARAT DAYA',	347,	23,	5,	2,	442,	'2024-02-14 10:41:52',	'2024-02-14 10:41:52'),
(1113,	11,	'GAYO LUES',	0,	0,	0,	0,	306,	'2024-02-14 10:41:03',	'2024-02-14 10:41:03'),
(1114,	11,	'ACEH JAYA',	110,	9,	2,	1,	311,	'2024-02-14 10:38:25',	'2024-02-14 10:38:25'),
(1115,	11,	'NAGAN RAYA',	0,	0,	0,	0,	551,	'2024-02-14 10:33:52',	'2024-02-14 10:33:52'),
(1116,	11,	'ACEH TAMIANG',	0,	0,	0,	0,	913,	'2024-02-14 10:27:01',	'2024-02-14 10:27:01'),
(1117,	11,	'BENER MERIAH',	0,	0,	0,	0,	498,	'2024-02-14 10:32:08',	'2024-02-14 10:32:08'),
(1118,	11,	'PIDIE JAYA',	177,	10,	0,	1,	484,	'2024-02-14 10:42:50',	'2024-02-14 10:42:50'),
(1171,	11,	'KOTA BANDA ACEH',	0,	0,	0,	0,	618,	'2024-02-14 10:43:26',	'2024-02-14 10:43:26'),
(1172,	11,	'KOTA SABANG',	0,	0,	0,	0,	110,	'2024-02-14 10:31:41',	'2024-02-14 10:31:41'),
(1173,	11,	'KOTA LHOKSEUMAWE',	0,	0,	0,	0,	489,	'2024-02-14 10:43:03',	'2024-02-14 10:43:03'),
(1174,	11,	'KOTA LANGSA',	0,	0,	0,	0,	489,	'2024-02-14 10:41:20',	'2024-02-14 10:41:20'),
(1175,	11,	'KOTA SUBULUSSALAM',	0,	0,	0,	0,	258,	'2024-02-14 10:36:04',	'2024-02-14 10:36:04'),
(1201,	12,	'TAPANULI TENGAH',	0,	0,	0,	0,	1099,	'2024-02-14 10:26:18',	'2024-02-14 10:26:18'),
(1202,	12,	'TAPANULI UTARA',	13,	425,	161,	4,	1036,	'2024-02-14 10:38:58',	'2024-02-14 10:38:58'),
(1203,	12,	'TAPANULI SELATAN',	0,	0,	0,	0,	1074,	'2024-02-14 10:35:04',	'2024-02-14 10:35:04'),
(1204,	12,	'NIAS',	0,	0,	0,	0,	481,	'2024-02-14 10:12:38',	'2024-02-14 10:12:38'),
(1205,	12,	'LANGKAT',	0,	0,	0,	0,	3127,	'2024-02-14 10:44:05',	'2024-02-14 10:44:05'),
(1206,	12,	'KARO',	55,	290,	70,	2,	1217,	'2024-02-14 10:29:55',	'2024-02-14 10:29:55'),
(1207,	12,	'DELI SERDANG',	630,	798,	109,	9,	6123,	'2024-02-14 10:44:03',	'2024-02-14 10:44:03'),
(1208,	12,	'SIMALUNGUN',	25,	91,	18,	1,	3052,	'2024-02-14 10:41:46',	'2024-02-14 10:41:46'),
(1209,	12,	'ASAHAN',	1151,	1168,	162,	14,	2449,	'2024-02-14 10:40:32',	'2024-02-14 10:40:32'),
(1210,	12,	'LABUHANBATU',	0,	0,	0,	0,	1463,	'2024-02-14 10:41:30',	'2024-02-14 10:41:30'),
(1211,	12,	'DAIRI',	12,	155,	43,	1,	938,	'2024-02-14 10:08:22',	'2024-02-14 10:08:22'),
(1212,	12,	'TOBA',	1,	148,	19,	1,	698,	'2024-02-14 10:42:49',	'2024-02-14 10:42:49'),
(1213,	12,	'MANDAILING NATAL',	0,	0,	0,	0,	1417,	'2024-02-14 10:41:21',	'2024-02-14 10:41:21'),
(1214,	12,	'NIAS SELATAN',	0,	0,	0,	0,	1058,	'2024-02-14 09:34:25',	'2024-02-14 09:34:25'),
(1215,	12,	'PAKPAK BHARAT',	0,	0,	0,	0,	172,	'2024-02-14 10:27:44',	'2024-02-14 10:27:44'),
(1216,	12,	'HUMBANG HASUNDUTAN',	15,	880,	255,	7,	680,	'2024-02-14 10:43:42',	'2024-02-14 10:43:42'),
(1217,	12,	'SAMOSIR',	0,	0,	0,	0,	465,	'2024-02-14 10:27:30',	'2024-02-14 10:27:30'),
(1218,	12,	'SERDANG BEDAGAI',	0,	0,	0,	0,	2158,	'2024-02-14 10:40:38',	'2024-02-14 10:40:38'),
(1219,	12,	'BATU BARA',	341,	357,	92,	5,	1446,	'2024-02-14 10:08:44',	'2024-02-14 10:08:44'),
(1220,	12,	'PADANG LAWAS UTARA',	0,	0,	0,	0,	874,	'2024-02-14 10:07:55',	'2024-02-14 10:07:55'),
(1221,	12,	'PADANG LAWAS',	0,	0,	0,	0,	801,	'2024-02-14 10:41:06',	'2024-02-14 10:41:06'),
(1222,	12,	'LABUHANBATU SELATAN',	0,	0,	0,	0,	1025,	'2024-02-14 10:36:47',	'2024-02-14 10:36:47'),
(1223,	12,	'LABUHANBATU UTARA',	0,	0,	0,	0,	1306,	'2024-02-14 10:28:55',	'2024-02-14 10:28:55'),
(1224,	12,	'NIAS UTARA',	0,	0,	0,	0,	449,	'2024-02-14 08:28:56',	'2024-02-14 08:28:56'),
(1225,	12,	'NIAS BARAT',	0,	0,	0,	0,	291,	'2024-02-14 10:02:09',	'2024-02-14 10:02:09'),
(1271,	12,	'KOTA MEDAN',	4145,	3917,	1005,	51,	6933,	'2024-02-14 10:44:18',	'2024-02-14 10:44:18'),
(1272,	12,	'KOTA PEMATANGSIANTAR',	0,	0,	0,	0,	796,	'2024-02-14 10:24:23',	'2024-02-14 10:24:23'),
(1273,	12,	'KOTA SIBOLGA',	755,	1888,	362,	14,	258,	'2024-02-14 10:36:49',	'2024-02-14 10:36:49'),
(1274,	12,	'KOTA TANJUNG BALAI',	0,	0,	0,	0,	545,	'2024-02-14 10:35:25',	'2024-02-14 10:35:25'),
(1275,	12,	'KOTA BINJAI',	50,	162,	11,	1,	812,	'2024-02-14 10:31:58',	'2024-02-14 10:31:58'),
(1276,	12,	'KOTA TEBING TINGGI',	0,	0,	0,	0,	517,	'2024-02-14 10:42:07',	'2024-02-14 10:42:07'),
(1277,	12,	'KOTA PADANG SIDEMPUAN',	5439,	3285,	320,	49,	702,	'2024-02-14 10:39:49',	'2024-02-14 10:39:49'),
(1278,	12,	'KOTA GUNUNGSITOLI',	226,	388,	77,	4,	413,	'2024-02-14 10:44:10',	'2024-02-14 10:44:10'),
(1301,	13,	'PESISIR SELATAN',	0,	0,	0,	0,	1640,	'2024-02-14 10:38:31',	'2024-02-14 10:38:31'),
(1302,	13,	'SOLOK',	0,	0,	0,	0,	1360,	'2024-02-14 10:38:09',	'2024-02-14 10:38:09'),
(1303,	13,	'SIJUNJUNG',	0,	0,	0,	0,	762,	'2024-02-14 10:00:17',	'2024-02-14 10:00:17'),
(1304,	13,	'TANAH DATAR',	0,	0,	0,	0,	1228,	'2024-02-14 10:43:27',	'2024-02-14 10:43:27'),
(1305,	13,	'PADANG PARIAMAN',	0,	0,	0,	0,	1365,	'2024-02-14 10:42:39',	'2024-02-14 10:42:39'),
(1306,	13,	'AGAM',	1767,	524,	45,	14,	1721,	'2024-02-14 10:39:17',	'2024-02-14 10:39:17'),
(1307,	13,	'LIMA PULUH KOTA',	0,	0,	0,	0,	1261,	'2024-02-14 10:36:43',	'2024-02-14 10:36:43'),
(1308,	13,	'PASAMAN',	0,	0,	0,	0,	941,	'2024-02-14 10:38:43',	'2024-02-14 10:38:43'),
(1309,	13,	'KEPULAUAN MENTAWAI',	207,	420,	153,	5,	367,	'2024-02-14 10:41:12',	'2024-02-14 10:41:12'),
(1310,	13,	'DHARMASRAYA',	297,	723,	158,	5,	693,	'2024-02-14 10:28:51',	'2024-02-14 10:28:51'),
(1311,	13,	'SOLOK SELATAN',	0,	0,	0,	0,	599,	'2024-02-14 10:27:14',	'2024-02-14 10:27:14'),
(1312,	13,	'PASAMAN BARAT',	0,	0,	0,	0,	1286,	'2024-02-14 10:42:35',	'2024-02-14 10:42:35'),
(1371,	13,	'KOTA PADANG',	1882,	727,	77,	15,	2681,	'2024-02-14 10:43:36',	'2024-02-14 10:43:36'),
(1372,	13,	'KOTA SOLOK',	0,	0,	0,	0,	236,	'2024-02-14 10:17:06',	'2024-02-14 10:17:06'),
(1373,	13,	'KOTA SAWAHLUNTO',	94,	50,	3,	1,	208,	'2024-02-14 09:55:49',	'2024-02-14 09:55:49'),
(1374,	13,	'KOTA PADANG PANJANG',	3004,	1333,	115,	25,	196,	'2024-02-14 10:38:31',	'2024-02-14 10:38:31'),
(1375,	13,	'KOTA BUKITTINGGI',	1395,	435,	43,	11,	365,	'2024-02-14 10:41:02',	'2024-02-14 10:41:02'),
(1376,	13,	'KOTA PAYAKUMBUH',	533,	337,	36,	4,	371,	'2024-02-14 10:43:02',	'2024-02-14 10:43:02'),
(1377,	13,	'KOTA PARIAMAN',	588,	216,	14,	4,	289,	'2024-02-14 10:37:56',	'2024-02-14 10:37:56'),
(1401,	14,	'KAMPAR',	89,	66,	3,	1,	2499,	'2024-02-14 10:43:02',	'2024-02-14 10:43:02'),
(1402,	14,	'INDRAGIRI HULU',	53,	114,	24,	1,	1350,	'2024-02-14 10:34:49',	'2024-02-14 10:34:49'),
(1403,	14,	'BENGKALIS',	175,	340,	129,	3,	1798,	'2024-02-14 10:44:07',	'2024-02-14 10:44:07'),
(1404,	14,	'INDRAGIRI HILIR',	0,	0,	0,	0,	2252,	'2024-02-14 10:38:07',	'2024-02-14 10:38:07'),
(1405,	14,	'PELALAWAN',	0,	0,	0,	0,	1106,	'2024-02-14 10:30:22',	'2024-02-14 10:30:22'),
(1406,	14,	'ROKAN HULU',	0,	0,	0,	0,	1764,	'2024-02-14 10:17:27',	'2024-02-14 10:17:27'),
(1407,	14,	'ROKAN HILIR',	0,	0,	0,	0,	1868,	'2024-02-14 10:34:23',	'2024-02-14 10:34:23'),
(1408,	14,	'SIAK',	307,	278,	43,	3,	1365,	'2024-02-14 10:42:42',	'2024-02-14 10:42:42'),
(1409,	14,	'KUANTAN SINGINGI',	0,	0,	0,	0,	1006,	'2024-02-14 10:31:55',	'2024-02-14 10:31:55'),
(1410,	14,	'KEPULAUAN MERANTI',	0,	0,	0,	0,	677,	'2024-02-14 10:33:08',	'2024-02-14 10:33:08'),
(1471,	14,	'KOTA PEKANBARU',	130,	73,	5,	1,	2756,	'2024-02-14 10:44:30',	'2024-02-14 10:44:30'),
(1472,	14,	'KOTA DUMAI',	0,	0,	0,	0,	925,	'2024-02-14 10:44:13',	'2024-02-14 10:44:13'),
(1501,	15,	'KERINCI',	0,	0,	0,	0,	849,	'2024-02-14 10:21:31',	'2024-02-14 10:21:31'),
(1502,	15,	'MERANGIN',	0,	0,	0,	0,	1202,	'2024-02-14 10:38:28',	'2024-02-14 10:38:28'),
(1503,	15,	'SAROLANGUN',	0,	0,	0,	0,	856,	'2024-02-14 10:41:56',	'2024-02-14 10:41:56'),
(1504,	15,	'BATANGHARI',	895,	1406,	135,	12,	908,	'2024-02-14 10:26:53',	'2024-02-14 10:26:53'),
(1505,	15,	'MUARO JAMBI',	0,	0,	0,	0,	1296,	'2024-02-14 10:17:29',	'2024-02-14 10:17:29'),
(1506,	15,	'TANJUNG JABUNG BARAT',	88,	395,	88,	3,	1020,	'2024-02-14 10:42:02',	'2024-02-14 10:42:02'),
(1507,	15,	'TANJUNG JABUNG TIMUR',	268,	446,	54,	4,	713,	'2024-02-14 10:43:10',	'2024-02-14 10:43:10'),
(1508,	15,	'BUNGO',	125,	202,	85,	2,	1070,	'2024-02-14 10:40:13',	'2024-02-14 10:40:13'),
(1509,	15,	'TEBO',	17,	180,	66,	1,	1044,	'2024-02-14 10:27:23',	'2024-02-14 10:27:23'),
(1571,	15,	'KOTA JAMBI',	0,	0,	0,	0,	1903,	'2024-02-14 10:40:43',	'2024-02-14 10:40:43'),
(1572,	15,	'KOTA SUNGAI PENUH',	0,	0,	0,	0,	299,	'2024-02-14 10:38:10',	'2024-02-14 10:38:10'),
(1601,	16,	'OGAN KOMERING ULU',	0,	0,	0,	0,	1225,	'2024-02-14 10:33:23',	'2024-02-14 10:33:23'),
(1602,	16,	'OGAN KOMERING ILIR',	253,	649,	121,	5,	2237,	'2024-02-14 10:16:12',	'2024-02-14 10:16:12'),
(1603,	16,	'MUARA ENIM',	0,	0,	0,	0,	1786,	'2024-02-14 10:43:01',	'2024-02-14 10:43:01'),
(1604,	16,	'LAHAT',	49,	149,	21,	1,	1357,	'2024-02-14 10:21:32',	'2024-02-14 10:21:32'),
(1605,	16,	'MUSI RAWAS',	0,	0,	0,	0,	1194,	'2024-02-14 10:42:19',	'2024-02-14 10:42:19'),
(1606,	16,	'MUSI BANYUASIN',	74,	152,	10,	1,	1958,	'2024-02-14 10:43:24',	'2024-02-14 10:43:24'),
(1607,	16,	'BANYUASIN',	2293,	6583,	971,	47,	2564,	'2024-02-14 10:42:53',	'2024-02-14 10:42:53'),
(1608,	16,	'OGAN KOMERING ULU TIMUR',	40,	340,	21,	2,	2180,	'2024-02-14 10:25:20',	'2024-02-14 10:25:20'),
(1609,	16,	'OGAN KOMERING ULU SELATAN',	0,	0,	0,	0,	1352,	'2024-02-14 10:15:04',	'2024-02-14 10:15:04'),
(1610,	16,	'OGAN ILIR',	205,	399,	55,	3,	1261,	'2024-02-14 10:43:46',	'2024-02-14 10:43:46'),
(1611,	16,	'EMPAT LAWANG',	190,	618,	112,	5,	1024,	'2024-02-14 10:43:41',	'2024-02-14 10:43:41'),
(1612,	16,	'PENUKAL ABAB LEMATANG ILIR',	0,	0,	0,	0,	619,	'2024-02-14 10:22:22',	'2024-02-14 10:22:22'),
(1613,	16,	'MUSI RAWAS UTARA',	65,	340,	54,	2,	652,	'2024-02-14 09:18:56',	'2024-02-14 09:18:56'),
(1671,	16,	'KOTA PALEMBANG',	133,	178,	20,	2,	4777,	'2024-02-14 10:43:35',	'2024-02-14 10:43:35'),
(1672,	16,	'KOTA PAGAR ALAM',	78,	279,	43,	2,	494,	'2024-02-14 10:30:43',	'2024-02-14 10:30:43'),
(1673,	16,	'KOTA LUBUK LINGGAU',	65,	122,	13,	1,	635,	'2024-02-14 10:25:39',	'2024-02-14 10:25:39'),
(1674,	16,	'KOTA PRABUMULIH',	26,	63,	7,	1,	670,	'2024-02-14 10:34:10',	'2024-02-14 10:34:10'),
(1701,	17,	'BENGKULU SELATAN',	0,	0,	0,	0,	584,	'2024-02-14 10:41:30',	'2024-02-14 10:41:30'),
(1702,	17,	'REJANG LEBONG',	102,	110,	10,	1,	816,	'2024-02-14 10:39:15',	'2024-02-14 10:39:15'),
(1703,	17,	'BENGKULU UTARA',	0,	0,	0,	0,	896,	'2024-02-14 10:29:50',	'2024-02-14 10:29:50'),
(1704,	17,	'KAUR',	0,	0,	0,	0,	434,	'2024-02-14 10:05:33',	'2024-02-14 10:05:33'),
(1705,	17,	'SELUMA',	0,	0,	0,	0,	648,	'2024-02-14 10:05:47',	'2024-02-14 10:05:47'),
(1706,	17,	'MUKO MUKO',	33,	84,	10,	1,	585,	'2024-02-14 10:39:28',	'2024-02-14 10:39:28'),
(1707,	17,	'LEBONG',	0,	0,	0,	0,	349,	'2024-02-14 10:39:51',	'2024-02-14 10:39:51'),
(1708,	17,	'KEPAHIANG',	21,	111,	9,	1,	526,	'2024-02-14 10:09:50',	'2024-02-14 10:09:50'),
(1709,	17,	'BENGKULU TENGAH',	0,	0,	0,	0,	387,	'2024-02-14 10:00:43',	'2024-02-14 10:00:43'),
(1771,	17,	'KOTA BENGKULU',	296,	360,	50,	3,	985,	'2024-02-14 10:43:52',	'2024-02-14 10:43:52'),
(1801,	18,	'LAMPUNG SELATAN',	358,	1376,	249,	10,	3029,	'2024-02-14 10:43:48',	'2024-02-14 10:43:48'),
(1802,	18,	'LAMPUNG TENGAH',	104,	274,	22,	2,	4071,	'2024-02-14 10:43:01',	'2024-02-14 10:43:01'),
(1803,	18,	'LAMPUNG UTARA',	3,	200,	27,	1,	1954,	'2024-02-14 10:40:39',	'2024-02-14 10:40:39'),
(1804,	18,	'LAMPUNG BARAT',	1091,	3390,	874,	27,	982,	'2024-02-14 10:32:13',	'2024-02-14 10:32:13'),
(1805,	18,	'TULANG BAWANG',	968,	4214,	828,	31,	1307,	'2024-02-14 10:21:59',	'2024-02-14 10:21:59'),
(1806,	18,	'TANGGAMUS',	66,	258,	51,	2,	1887,	'2024-02-14 10:44:07',	'2024-02-14 10:44:07'),
(1807,	18,	'LAMPUNG TIMUR',	28,	155,	30,	1,	3178,	'2024-02-14 10:43:48',	'2024-02-14 10:43:48'),
(1808,	18,	'WAY KANAN',	410,	2640,	468,	19,	1490,	'2024-02-14 10:32:27',	'2024-02-14 10:32:27'),
(1809,	18,	'PESAWARAN',	322,	845,	84,	6,	1381,	'2024-02-14 10:33:30',	'2024-02-14 10:33:30'),
(1810,	18,	'PRINGSEWU',	189,	851,	181,	6,	1209,	'2024-02-14 10:44:10',	'2024-02-14 10:44:10'),
(1811,	18,	'MESUJI',	483,	2989,	737,	21,	663,	'2024-02-14 10:09:45',	'2024-02-14 10:09:45'),
(1812,	18,	'TULANG BAWANG BARAT',	400,	3026,	837,	20,	842,	'2024-02-14 10:44:01',	'2024-02-14 10:44:01'),
(1813,	18,	'PESISIR BARAT',	224,	447,	85,	4,	490,	'2024-02-14 10:10:40',	'2024-02-14 10:10:40'),
(1871,	18,	'KOTA BANDAR LAMPUNG',	8939,	14289,	3070,	128,	2880,	'2024-02-14 10:43:23',	'2024-02-14 10:43:23'),
(1872,	18,	'KOTA METRO',	2083,	4292,	774,	31,	462,	'2024-02-14 10:41:11',	'2024-02-14 10:41:11'),
(1901,	19,	'BANGKA',	3001,	4603,	1057,	40,	911,	'2024-02-14 10:41:34',	'2024-02-14 10:41:34'),
(1902,	19,	'BELITUNG',	727,	1711,	469,	14,	547,	'2024-02-14 10:42:18',	'2024-02-14 10:42:18'),
(1903,	19,	'BANGKA SELATAN',	153,	511,	93,	3,	555,	'2024-02-14 10:41:43',	'2024-02-14 10:41:43'),
(1904,	19,	'BANGKA TENGAH',	1092,	1950,	563,	17,	548,	'2024-02-14 10:29:22',	'2024-02-14 10:29:22'),
(1905,	19,	'BANGKA BARAT',	239,	545,	248,	5,	570,	'2024-02-14 10:24:33',	'2024-02-14 10:24:33'),
(1906,	19,	'BELITUNG TIMUR',	203,	772,	239,	6,	363,	'2024-02-14 10:42:54',	'2024-02-14 10:42:54'),
(1971,	19,	'KOTA PANGKAL PINANG',	2756,	4247,	1247,	39,	622,	'2024-02-14 10:43:03',	'2024-02-14 10:43:03'),
(2101,	21,	'BINTAN',	0,	0,	0,	0,	496,	'2024-02-14 10:35:50',	'2024-02-14 10:35:50'),
(2102,	21,	'KARIMUN',	0,	0,	0,	0,	781,	'2024-02-14 10:28:48',	'2024-02-14 10:28:48'),
(2103,	21,	'NATUNA',	0,	0,	0,	0,	242,	'2024-02-14 10:39:13',	'2024-02-14 10:39:13'),
(2104,	21,	'LINGGA',	0,	0,	0,	0,	357,	'2024-02-14 10:45:01',	'2024-02-14 10:45:01'),
(2105,	21,	'KEPULAUAN ANAMBAS',	0,	0,	0,	0,	160,	'2024-02-14 10:31:16',	'2024-02-14 10:31:16'),
(2171,	21,	'KOTA BATAM',	13186,	17173,	5231,	182,	3241,	'2024-02-14 10:44:33',	'2024-02-14 10:44:33'),
(2172,	21,	'KOTA TANJUNG PINANG',	0,	0,	0,	0,	637,	'2024-02-14 10:36:23',	'2024-02-14 10:36:23'),
(3101,	31,	'KEPULAUAN SERIBU',	343,	404,	100,	5,	88,	'2024-02-14 10:42:23',	'2024-02-14 10:42:23'),
(3171,	31,	'KOTA JAKARTA PUSAT',	3618,	3338,	1609,	43,	3129,	'2024-02-14 10:44:32',	'2024-02-14 10:44:32'),
(3172,	31,	'KOTA JAKARTA UTARA',	110,	292,	305,	4,	4853,	'2024-02-14 10:44:31',	'2024-02-14 10:44:31'),
(3173,	31,	'KOTA JAKARTA BARAT',	773,	1018,	795,	13,	7169,	'2024-02-14 10:44:00',	'2024-02-14 10:44:00'),
(3174,	31,	'KOTA JAKARTA SELATAN',	5273,	3828,	2030,	52,	6715,	'2024-02-14 10:44:27',	'2024-02-14 10:44:27'),
(3175,	31,	'KOTA JAKARTA TIMUR',	4929,	3978,	1849,	50,	8812,	'2024-02-14 10:44:25',	'2024-02-14 10:44:25'),
(3201,	32,	'BOGOR',	7633,	10932,	1597,	96,	15228,	'2024-02-14 10:44:18',	'2024-02-14 10:44:18'),
(3202,	32,	'SUKABUMI',	0,	0,	0,	0,	8000,	'2024-02-14 10:44:07',	'2024-02-14 10:44:07'),
(3203,	32,	'CIANJUR',	2733,	3678,	596,	36,	7278,	'2024-02-14 10:43:57',	'2024-02-14 10:43:57'),
(3204,	32,	'BANDUNG',	1856,	3056,	359,	26,	11034,	'2024-02-14 10:44:05',	'2024-02-14 10:44:05'),
(3205,	32,	'GARUT',	410,	488,	113,	5,	8000,	'2024-02-14 10:44:00',	'2024-02-14 10:44:00'),
(3206,	32,	'TASIKMALAYA',	0,	0,	0,	0,	5096,	'2024-02-14 10:39:35',	'2024-02-14 10:39:35'),
(3207,	32,	'CIAMIS',	5737,	7482,	1592,	71,	3943,	'2024-02-14 10:43:43',	'2024-02-14 10:43:43'),
(3208,	32,	'KUNINGAN',	0,	0,	0,	0,	3596,	'2024-02-14 10:43:26',	'2024-02-14 10:43:26'),
(3209,	32,	'CIREBON',	538,	1526,	451,	13,	6938,	'2024-02-14 10:42:49',	'2024-02-14 10:42:49'),
(3210,	32,	'MAJALENGKA',	73,	118,	12,	1,	3935,	'2024-02-14 10:39:54',	'2024-02-14 10:39:54'),
(3211,	32,	'SUMEDANG',	93,	297,	29,	2,	3657,	'2024-02-14 10:43:28',	'2024-02-14 10:43:28'),
(3212,	32,	'INDRAMAYU',	3,	137,	20,	1,	5316,	'2024-02-14 10:39:29',	'2024-02-14 10:39:29'),
(3213,	32,	'SUBANG',	43,	153,	16,	1,	4824,	'2024-02-14 10:42:28',	'2024-02-14 10:42:28'),
(3214,	32,	'PURWAKARTA',	0,	0,	0,	0,	2693,	'2024-02-14 10:35:09',	'2024-02-14 10:35:09'),
(3215,	32,	'KARAWANG',	103,	83,	14,	1,	6890,	'2024-02-14 10:44:17',	'2024-02-14 10:44:17'),
(3216,	32,	'BEKASI',	829,	861,	210,	10,	8417,	'2024-02-14 10:43:41',	'2024-02-14 10:43:41'),
(3217,	32,	'BANDUNG BARAT',	325,	595,	35,	4,	5088,	'2024-02-14 10:43:30',	'2024-02-14 10:43:30'),
(3218,	32,	'PANGANDARAN',	0,	0,	0,	0,	1346,	'2024-02-14 10:41:22',	'2024-02-14 10:41:22'),
(3271,	32,	'KOTA BOGOR',	13145,	11956,	3049,	121,	2913,	'2024-02-14 10:44:05',	'2024-02-14 10:44:05'),
(3272,	32,	'KOTA SUKABUMI',	621,	891,	175,	8,	999,	'2024-02-14 10:44:17',	'2024-02-14 10:44:17'),
(3273,	32,	'KOTA BANDUNG',	727,	953,	467,	11,	7424,	'2024-02-14 10:44:03',	'2024-02-14 10:44:03'),
(3274,	32,	'KOTA CIREBON',	0,	0,	0,	0,	1026,	'2024-02-14 10:43:42',	'2024-02-14 10:43:42'),
(3275,	32,	'KOTA BEKASI',	2799,	4130,	916,	37,	7078,	'2024-02-14 10:43:54',	'2024-02-14 10:43:54'),
(3276,	32,	'KOTA DEPOK',	1592,	1666,	979,	20,	5570,	'2024-02-14 10:44:17',	'2024-02-14 10:44:17'),
(3277,	32,	'KOTA CIMAHI',	0,	0,	0,	0,	1560,	'2024-02-14 10:44:08',	'2024-02-14 10:44:08'),
(3278,	32,	'KOTA TASIKMALAYA',	0,	0,	0,	0,	1997,	'2024-02-14 10:44:02',	'2024-02-14 10:44:02'),
(3279,	32,	'KOTA BANJAR',	748,	777,	126,	8,	611,	'2024-02-14 10:40:13',	'2024-02-14 10:40:13'),
(3301,	33,	'CILACAP',	18,	54,	28,	1,	5964,	'2024-02-14 10:43:57',	'2024-02-14 10:43:57'),
(3302,	33,	'BANYUMAS',	492,	1416,	937,	14,	5587,	'2024-02-14 10:44:14',	'2024-02-14 10:44:14'),
(3303,	33,	'PURBALINGGA',	30,	108,	48,	1,	2964,	'2024-02-14 10:43:34',	'2024-02-14 10:43:34'),
(3304,	33,	'BANJARNEGARA',	1845,	3689,	1532,	37,	3225,	'2024-02-14 10:41:57',	'2024-02-14 10:41:57'),
(3305,	33,	'KEBUMEN',	52,	71,	32,	1,	4831,	'2024-02-14 10:36:30',	'2024-02-14 10:36:30'),
(3306,	33,	'PURWOREJO',	206,	394,	433,	7,	2995,	'2024-02-14 10:42:42',	'2024-02-14 10:42:42'),
(3307,	33,	'WONOSOBO',	7,	58,	28,	1,	3091,	'2024-02-14 10:36:16',	'2024-02-14 10:36:16'),
(3308,	33,	'MAGELANG',	0,	0,	0,	0,	4407,	'2024-02-14 10:39:34',	'2024-02-14 10:39:34'),
(3309,	33,	'BOYOLALI',	585,	1638,	2223,	22,	3409,	'2024-02-14 10:39:45',	'2024-02-14 10:39:45'),
(3310,	33,	'KLATEN',	364,	1274,	1293,	15,	4198,	'2024-02-14 10:42:11',	'2024-02-14 10:42:11'),
(3311,	33,	'SUKOHARJO',	0,	0,	0,	0,	2533,	'2024-02-14 10:39:15',	'2024-02-14 10:39:15'),
(3312,	33,	'WONOGIRI',	42,	151,	115,	2,	3910,	'2024-02-14 10:44:06',	'2024-02-14 10:44:06'),
(3313,	33,	'KARANGANYAR',	138,	444,	239,	4,	3200,	'2024-02-14 10:44:17',	'2024-02-14 10:44:17'),
(3314,	33,	'SRAGEN',	0,	0,	0,	0,	3406,	'2024-02-14 10:36:59',	'2024-02-14 10:36:59'),
(3315,	33,	'GROBOGAN',	169,	1388,	919,	12,	4657,	'2024-02-14 10:43:27',	'2024-02-14 10:43:27'),
(3316,	33,	'BLORA',	115,	559,	249,	5,	2977,	'2024-02-14 10:42:10',	'2024-02-14 10:42:10'),
(3317,	33,	'REMBANG',	0,	0,	0,	0,	2201,	'2024-02-14 10:40:50',	'2024-02-14 10:40:50'),
(3318,	33,	'PATI',	28,	218,	124,	2,	4402,	'2024-02-14 10:41:03',	'2024-02-14 10:41:03'),
(3319,	33,	'KUDUS',	0,	0,	0,	0,	2623,	'2024-02-14 10:43:30',	'2024-02-14 10:43:30'),
(3320,	33,	'JEPARA',	170,	492,	376,	5,	3490,	'2024-02-14 10:43:55',	'2024-02-14 10:43:55'),
(3321,	33,	'DEMAK',	44,	257,	105,	2,	3658,	'2024-02-14 10:41:47',	'2024-02-14 10:41:47'),
(3322,	33,	'SEMARANG',	91,	174,	192,	2,	3351,	'2024-02-14 10:43:18',	'2024-02-14 10:43:18'),
(3323,	33,	'TEMANGGUNG',	0,	0,	0,	0,	2518,	'2024-02-14 10:43:16',	'2024-02-14 10:43:16'),
(3324,	33,	'KENDAL',	3324,	11720,	6879,	115,	3491,	'2024-02-14 10:41:39',	'2024-02-14 10:41:39'),
(3325,	33,	'BATANG',	16,	103,	50,	1,	2569,	'2024-02-14 10:32:48',	'2024-02-14 10:32:48'),
(3326,	33,	'PEKALONGAN',	7,	99,	32,	1,	2912,	'2024-02-14 10:42:51',	'2024-02-14 10:42:51'),
(3327,	33,	'PEMALANG',	63,	306,	117,	3,	4687,	'2024-02-14 10:41:13',	'2024-02-14 10:41:13'),
(3328,	33,	'TEGAL',	0,	0,	0,	0,	4684,	'2024-02-14 10:43:52',	'2024-02-14 10:43:52'),
(3329,	33,	'BREBES',	756,	2086,	752,	22,	6291,	'2024-02-14 10:43:44',	'2024-02-14 10:43:44'),
(3371,	33,	'KOTA MAGELANG',	0,	0,	0,	0,	353,	'2024-02-14 10:40:28',	'2024-02-14 10:40:28'),
(3372,	33,	'KOTA SURAKARTA',	34,	236,	159,	2,	1773,	'2024-02-14 10:43:16',	'2024-02-14 10:43:16'),
(3373,	33,	'KOTA SALATIGA',	0,	0,	0,	0,	652,	'2024-02-14 10:39:42',	'2024-02-14 10:39:42'),
(3374,	33,	'KOTA SEMARANG',	7882,	18097,	14039,	181,	4646,	'2024-02-14 10:44:01',	'2024-02-14 10:44:01'),
(3375,	33,	'KOTA PEKALONGAN',	74,	93,	44,	1,	881,	'2024-02-14 10:41:51',	'2024-02-14 10:41:51'),
(3376,	33,	'KOTA TEGAL',	571,	1405,	670,	14,	763,	'2024-02-14 10:42:58',	'2024-02-14 10:42:58'),
(3401,	34,	'KULON PROGO',	10,	112,	85,	1,	1302,	'2024-02-14 10:43:38',	'2024-02-14 10:43:38'),
(3402,	34,	'BANTUL',	2096,	4197,	2393,	43,	3166,	'2024-02-14 10:44:25',	'2024-02-14 10:44:25'),
(3403,	34,	'GUNUNGKIDUL',	23,	140,	53,	1,	2709,	'2024-02-14 10:44:36',	'2024-02-14 10:44:36'),
(3404,	34,	'SLEMAN',	3774,	7118,	4244,	67,	3457,	'2024-02-14 10:44:11',	'2024-02-14 10:44:11'),
(3471,	34,	'KOTA YOGYAKARTA',	3102,	4517,	3658,	55,	1298,	'2024-02-14 10:44:57',	'2024-02-14 10:44:57'),
(3501,	35,	'PACITAN',	0,	0,	0,	0,	1860,	'2024-02-14 10:40:42',	'2024-02-14 10:40:42'),
(3502,	35,	'PONOROGO',	834,	3590,	1075,	26,	2893,	'2024-02-14 10:43:39',	'2024-02-14 10:43:39'),
(3503,	35,	'TRENGGALEK',	0,	0,	0,	0,	2321,	'2024-02-14 10:40:27',	'2024-02-14 10:40:27'),
(3504,	35,	'TULUNGAGUNG',	0,	0,	0,	0,	3305,	'2024-02-14 10:44:15',	'2024-02-14 10:44:15'),
(3505,	35,	'BLITAR',	76,	794,	399,	6,	3536,	'2024-02-14 10:43:31',	'2024-02-14 10:43:31'),
(3506,	35,	'KEDIRI',	415,	2814,	948,	19,	4821,	'2024-02-14 10:44:09',	'2024-02-14 10:44:09'),
(3507,	35,	'MALANG',	292,	883,	375,	8,	7761,	'2024-02-14 10:43:01',	'2024-02-14 10:43:01'),
(3508,	35,	'LUMAJANG',	0,	0,	0,	0,	3322,	'2024-02-14 10:41:07',	'2024-02-14 10:41:07'),
(3509,	35,	'JEMBER',	948,	4382,	741,	32,	7706,	'2024-02-14 10:41:37',	'2024-02-14 10:41:37'),
(3510,	35,	'BANYUWANGI',	493,	2052,	554,	16,	5135,	'2024-02-14 10:43:43',	'2024-02-14 10:43:43'),
(3511,	35,	'BONDOWOSO',	45,	177,	35,	1,	2432,	'2024-02-14 10:42:21',	'2024-02-14 10:42:21'),
(3512,	35,	'SITUBONDO',	0,	0,	0,	0,	2015,	'2024-02-14 10:37:17',	'2024-02-14 10:37:17'),
(3513,	35,	'PROBOLINGGO',	1552,	6205,	574,	37,	3375,	'2024-02-14 10:43:28',	'2024-02-14 10:43:28'),
(3514,	35,	'PASURUAN',	0,	0,	0,	0,	4505,	'2024-02-14 10:43:13',	'2024-02-14 10:43:13'),
(3515,	35,	'SIDOARJO',	2525,	8325,	1716,	56,	5566,	'2024-02-14 10:44:15',	'2024-02-14 10:44:15'),
(3516,	35,	'MOJOKERTO',	0,	0,	0,	0,	3308,	'2024-02-14 10:44:08',	'2024-02-14 10:44:08'),
(3517,	35,	'JOMBANG',	617,	1919,	493,	14,	3858,	'2024-02-14 10:42:45',	'2024-02-14 10:42:45'),
(3518,	35,	'NGANJUK',	739,	5264,	1508,	35,	3266,	'2024-02-14 10:41:39',	'2024-02-14 10:41:39'),
(3519,	35,	'MADIUN',	64,	627,	132,	4,	2253,	'2024-02-14 10:43:51',	'2024-02-14 10:43:51'),
(3520,	35,	'MAGETAN',	95,	414,	125,	3,	2012,	'2024-02-14 10:38:08',	'2024-02-14 10:38:08'),
(3521,	35,	'NGAWI',	1444,	7864,	3021,	60,	2754,	'2024-02-14 10:43:35',	'2024-02-14 10:43:35'),
(3522,	35,	'BOJONEGORO',	0,	0,	0,	0,	4278,	'2024-02-14 10:43:44',	'2024-02-14 10:43:44'),
(3523,	35,	'TUBAN',	211,	1290,	554,	10,	3690,	'2024-02-14 10:44:08',	'2024-02-14 10:44:08'),
(3524,	35,	'LAMONGAN',	68,	404,	120,	3,	4153,	'2024-02-14 10:44:15',	'2024-02-14 10:44:15'),
(3525,	35,	'GRESIK',	1686,	5481,	1079,	38,	3673,	'2024-02-14 10:43:51',	'2024-02-14 10:43:51'),
(3526,	35,	'BANGKALAN',	922,	1545,	241,	13,	3082,	'2024-02-14 10:43:52',	'2024-02-14 10:43:52'),
(3527,	35,	'SAMPANG',	1194,	347,	83,	6,	2726,	'2024-02-14 10:42:33',	'2024-02-14 10:42:33'),
(3528,	35,	'PAMEKASAN',	1211,	317,	18,	6,	2448,	'2024-02-14 10:42:40',	'2024-02-14 10:42:40'),
(3529,	35,	'SUMENEP',	90,	30,	21,	1,	3863,	'2024-02-14 10:44:06',	'2024-02-14 10:44:06'),
(3571,	35,	'KOTA KEDIRI',	127,	995,	302,	6,	856,	'2024-02-14 10:35:55',	'2024-02-14 10:35:55'),
(3572,	35,	'KOTA BLITAR',	124,	523,	239,	4,	437,	'2024-02-14 10:29:54',	'2024-02-14 10:29:54'),
(3573,	35,	'KOTA MALANG',	6702,	16267,	6363,	137,	2452,	'2024-02-14 10:44:08',	'2024-02-14 10:44:08'),
(3574,	35,	'KOTA PROBOLINGGO',	0,	0,	0,	0,	669,	'2024-02-14 10:12:34',	'2024-02-14 10:12:34'),
(3575,	35,	'KOTA PASURUAN',	0,	0,	0,	0,	579,	'2024-02-14 10:36:39',	'2024-02-14 10:36:39'),
(3576,	35,	'KOTA MOJOKERTO',	410,	2275,	586,	14,	394,	'2024-02-14 10:44:00',	'2024-02-14 10:44:00'),
(3577,	35,	'KOTA MADIUN',	1604,	5922,	2443,	47,	584,	'2024-02-14 10:42:30',	'2024-02-14 10:42:30'),
(3578,	35,	'KOTA SURABAYA',	31,	152,	61,	1,	8167,	'2024-02-14 10:43:57',	'2024-02-14 10:43:57'),
(3579,	35,	'KOTA BATU',	1579,	6187,	1985,	43,	611,	'2024-02-14 10:40:32',	'2024-02-14 10:40:32'),
(3601,	36,	'PANDEGLANG',	0,	0,	0,	0,	3759,	'2024-02-14 10:44:37',	'2024-02-14 10:44:37'),
(3602,	36,	'LEBAK',	26,	81,	15,	1,	3995,	'2024-02-14 10:41:08',	'2024-02-14 10:41:08'),
(3603,	36,	'TANGERANG',	344,	519,	359,	6,	9016,	'2024-02-14 10:44:57',	'2024-02-14 10:44:57'),
(3604,	36,	'SERANG',	175,	194,	49,	2,	4425,	'2024-02-14 10:42:10',	'2024-02-14 10:42:10'),
(3671,	36,	'KOTA TANGERANG',	106,	44,	34,	1,	5175,	'2024-02-14 10:44:59',	'2024-02-14 10:44:59'),
(3672,	36,	'KOTA CILEGON',	3094,	2812,	578,	29,	1253,	'2024-02-14 10:44:55',	'2024-02-14 10:44:55'),
(3673,	36,	'KOTA SERANG',	12428,	13470,	2100,	122,	1877,	'2024-02-14 10:44:55',	'2024-02-14 10:44:55'),
(3674,	36,	'KOTA TANGERANG SELATAN',	7012,	12246,	5736,	111,	3824,	'2024-02-14 10:45:02',	'2024-02-14 10:45:02'),
(5101,	51,	'JEMBRANA',	373,	1192,	408,	9,	898,	'2024-02-14 10:06:28',	'2024-02-14 10:06:28'),
(5102,	51,	'TABANAN',	196,	2674,	2791,	25,	1545,	'2024-02-14 10:35:27',	'2024-02-14 10:35:27'),
(5103,	51,	'BADUNG',	635,	8511,	5662,	62,	1485,	'2024-02-14 10:44:06',	'2024-02-14 10:44:06'),
(5104,	51,	'GIANYAR',	36,	1568,	1113,	12,	1591,	'2024-02-14 10:41:37',	'2024-02-14 10:41:37'),
(5105,	51,	'KLUNGKUNG',	9,	1077,	190,	6,	649,	'2024-02-14 10:41:44',	'2024-02-14 10:41:44'),
(5106,	51,	'BANGLI',	16,	711,	821,	8,	802,	'2024-02-14 10:28:14',	'2024-02-14 10:28:14'),
(5107,	51,	'KARANGASEM',	75,	2103,	1197,	19,	1677,	'2024-02-14 10:40:52',	'2024-02-14 10:40:52'),
(5108,	51,	'BULELENG',	783,	3171,	1845,	31,	2275,	'2024-02-14 10:40:16',	'2024-02-14 10:40:16'),
(5171,	51,	'KOTA DENPASAR',	1723,	13191,	8502,	114,	1887,	'2024-02-14 10:42:21',	'2024-02-14 10:42:21'),
(5201,	52,	'LOMBOK BARAT',	1615,	2408,	264,	21,	2207,	'2024-02-14 10:40:11',	'2024-02-14 10:40:11'),
(5202,	52,	'LOMBOK TENGAH',	106,	310,	27,	3,	3316,	'2024-02-14 10:43:51',	'2024-02-14 10:43:51'),
(5203,	52,	'LOMBOK TIMUR',	170,	513,	44,	4,	4010,	'2024-02-14 10:42:58',	'2024-02-14 10:42:58'),
(5204,	52,	'SUMBAWA',	0,	0,	0,	0,	1534,	'2024-02-14 10:42:56',	'2024-02-14 10:42:56'),
(5205,	52,	'DOMPU',	352,	533,	20,	4,	755,	'2024-02-14 10:39:15',	'2024-02-14 10:39:15'),
(5206,	52,	'BIMA',	1374,	2831,	125,	22,	1588,	'2024-02-14 10:43:32',	'2024-02-14 10:43:32'),
(5207,	52,	'SUMBAWA BARAT',	1471,	1662,	204,	16,	432,	'2024-02-14 10:42:33',	'2024-02-14 10:42:33'),
(5208,	52,	'LOMBOK UTARA',	0,	0,	0,	0,	749,	'2024-02-14 10:41:53',	'2024-02-14 10:41:53'),
(5271,	52,	'KOTA MATARAM',	1636,	1918,	351,	18,	1248,	'2024-02-14 10:38:52',	'2024-02-14 10:38:52'),
(5272,	52,	'KOTA BIMA',	789,	833,	73,	7,	404,	'2024-02-14 10:34:34',	'2024-02-14 10:34:34'),
(5301,	53,	'KUPANG',	0,	0,	0,	0,	1076,	'2024-02-14 09:49:28',	'2024-02-14 09:49:28'),
(5302,	53,	'TIMOR TENGAH SELATAN',	0,	0,	0,	0,	1379,	'2024-02-14 10:17:44',	'2024-02-14 10:17:44'),
(5303,	53,	'TIMOR TENGAH UTARA',	0,	0,	0,	0,	774,	'2024-02-14 10:39:17',	'2024-02-14 10:39:17'),
(5304,	53,	'BELU',	0,	0,	0,	0,	666,	'2024-02-14 10:38:33',	'2024-02-14 10:38:33'),
(5305,	53,	'ALOR',	0,	0,	0,	0,	738,	'2024-02-14 10:13:24',	'2024-02-14 10:13:24'),
(5306,	53,	'FLORES TIMUR',	0,	0,	0,	0,	852,	'2024-02-14 10:38:33',	'2024-02-14 10:38:33'),
(5307,	53,	'SIKKA',	0,	0,	0,	0,	1005,	'2024-02-14 10:13:12',	'2024-02-14 10:13:12'),
(5308,	53,	'ENDE',	0,	0,	0,	0,	983,	'2024-02-14 10:40:44',	'2024-02-14 10:40:44'),
(5309,	53,	'NGADA',	0,	0,	0,	0,	535,	'2024-02-14 08:18:49',	'2024-02-14 08:18:49'),
(5310,	53,	'MANGGARAI',	0,	0,	0,	0,	970,	'2024-02-14 10:33:42',	'2024-02-14 10:33:42'),
(5311,	53,	'SUMBA TIMUR',	0,	0,	0,	0,	808,	'2024-02-14 10:44:31',	'2024-02-14 10:44:31'),
(5312,	53,	'SUMBA BARAT',	4,	140,	37,	1,	405,	'2024-02-14 09:57:53',	'2024-02-14 09:57:53'),
(5313,	53,	'LEMBATA',	0,	0,	0,	0,	432,	'2024-02-14 10:20:29',	'2024-02-14 10:20:29'),
(5314,	53,	'ROTE NDAO',	0,	0,	0,	0,	447,	'2024-02-14 10:27:12',	'2024-02-14 10:27:12'),
(5315,	53,	'MANGGARAI BARAT',	0,	0,	0,	0,	900,	'2024-02-14 10:29:47',	'2024-02-14 10:29:47'),
(5316,	53,	'NAGEKEO',	0,	0,	0,	0,	509,	'2024-02-14 10:40:36',	'2024-02-14 10:40:36'),
(5317,	53,	'SUMBA TENGAH',	0,	0,	0,	0,	258,	'2024-02-14 09:32:32',	'2024-02-14 09:32:32'),
(5318,	53,	'SUMBA BARAT DAYA',	0,	41,	67,	1,	908,	'2024-02-14 10:23:41',	'2024-02-14 10:23:41'),
(5319,	53,	'MANGGARAI TIMUR',	0,	0,	0,	0,	911,	'2024-02-14 10:42:11',	'2024-02-14 10:42:11'),
(5320,	53,	'SABU RAIJUA',	0,	0,	0,	0,	315,	'2024-02-14 09:37:04',	'2024-02-14 09:37:04'),
(5321,	53,	'MALAKA',	0,	0,	0,	0,	670,	'2024-02-14 10:32:29',	'2024-02-14 10:32:29'),
(5371,	53,	'KOTA KUPANG',	78,	329,	137,	3,	1205,	'2024-02-14 10:44:52',	'2024-02-14 10:44:52'),
(6101,	61,	'SAMBAS',	1033,	1230,	267,	13,	1822,	'2024-02-14 10:41:13',	'2024-02-14 10:41:13'),
(6102,	61,	'MEMPAWAH',	992,	811,	297,	12,	894,	'2024-02-14 10:42:23',	'2024-02-14 10:42:23'),
(6103,	61,	'SANGGAU',	39,	192,	64,	2,	1692,	'2024-02-14 10:25:39',	'2024-02-14 10:25:39'),
(6104,	61,	'KETAPANG',	377,	973,	176,	8,	1752,	'2024-02-14 10:41:36',	'2024-02-14 10:41:36'),
(6105,	61,	'SINTANG',	27,	271,	47,	2,	1509,	'2024-02-14 10:44:16',	'2024-02-14 10:44:16'),
(6106,	61,	'KAPUAS HULU',	0,	0,	0,	0,	984,	'2024-02-14 10:09:05',	'2024-02-14 10:09:05'),
(6107,	61,	'BENGKAYANG',	0,	0,	0,	0,	916,	'2024-02-14 10:09:33',	'2024-02-14 10:09:33'),
(6108,	61,	'LANDAK',	0,	0,	0,	0,	1472,	'2024-02-14 10:42:56',	'2024-02-14 10:42:56'),
(6109,	61,	'SEKADAU',	2,	222,	121,	2,	698,	'2024-02-14 10:37:41',	'2024-02-14 10:37:41'),
(6110,	61,	'MELAWI',	51,	135,	18,	1,	726,	'2024-02-14 10:44:10',	'2024-02-14 10:44:10'),
(6111,	61,	'KAYONG UTARA',	0,	0,	0,	0,	378,	'2024-02-14 10:43:37',	'2024-02-14 10:43:37'),
(6112,	61,	'KUBU RAYA',	1052,	1544,	805,	18,	1967,	'2024-02-14 10:42:35',	'2024-02-14 10:42:35'),
(6171,	61,	'KOTA PONTIANAK',	3384,	3496,	1024,	42,	2110,	'2024-02-14 10:44:06',	'2024-02-14 10:44:06'),
(6172,	61,	'KOTA SINGKAWANG',	99,	211,	212,	4,	706,	'2024-02-14 10:40:11',	'2024-02-14 10:40:11'),
(6201,	62,	'KOTAWARINGIN BARAT',	0,	0,	0,	0,	789,	'2024-02-14 10:43:51',	'2024-02-14 10:43:51'),
(6202,	62,	'KOTAWARINGIN TIMUR',	55,	141,	11,	1,	1169,	'2024-02-14 10:42:55',	'2024-02-14 10:42:55'),
(6203,	62,	'KAPUAS',	176,	243,	14,	2,	1227,	'2024-02-14 10:40:19',	'2024-02-14 10:40:19'),
(6204,	62,	'BARITO SELATAN',	0,	0,	0,	0,	406,	'2024-02-14 09:45:21',	'2024-02-14 09:45:21'),
(6205,	62,	'BARITO UTARA',	0,	0,	0,	0,	458,	'2024-02-14 10:19:44',	'2024-02-14 10:19:44'),
(6206,	62,	'KATINGAN',	0,	0,	0,	0,	520,	'2024-02-14 10:04:14',	'2024-02-14 10:04:14'),
(6207,	62,	'SERUYAN',	0,	0,	0,	0,	443,	'2024-02-14 10:35:02',	'2024-02-14 10:35:02'),
(6208,	62,	'SUKAMARA',	0,	0,	0,	0,	176,	'2024-02-14 10:43:44',	'2024-02-14 10:43:44'),
(6209,	62,	'LAMANDAU',	0,	0,	0,	0,	307,	'2024-02-14 10:19:52',	'2024-02-14 10:19:52'),
(6210,	62,	'GUNUNG MAS',	0,	0,	0,	0,	390,	'2024-02-14 10:26:38',	'2024-02-14 10:26:38'),
(6211,	62,	'PULANG PISAU',	2,	80,	15,	1,	417,	'2024-02-14 10:28:49',	'2024-02-14 10:28:49'),
(6212,	62,	'MURUNG RAYA',	0,	0,	0,	0,	350,	'2024-02-14 10:14:06',	'2024-02-14 10:14:06'),
(6213,	62,	'BARITO TIMUR',	0,	0,	0,	0,	351,	'2024-02-14 10:42:21',	'2024-02-14 10:42:21'),
(6271,	62,	'KOTA PALANGKARAYA',	323,	1143,	135,	9,	827,	'2024-02-14 10:42:43',	'2024-02-14 10:42:43'),
(6301,	63,	'TANAH LAUT',	472,	679,	90,	7,	1135,	'2024-02-14 10:20:06',	'2024-02-14 10:20:06'),
(6302,	63,	'KOTABARU',	1192,	3101,	336,	27,	1026,	'2024-02-14 10:32:41',	'2024-02-14 10:32:41'),
(6303,	63,	'BANJAR',	99,	103,	17,	2,	1989,	'2024-02-14 10:42:56',	'2024-02-14 10:42:56'),
(6304,	63,	'BARITO KUALA',	98,	94,	7,	1,	1084,	'2024-02-14 10:41:12',	'2024-02-14 10:41:12'),
(6305,	63,	'TAPIN',	1387,	2248,	196,	20,	637,	'2024-02-14 10:16:33',	'2024-02-14 10:16:33'),
(6306,	63,	'HULU SUNGAI SELATAN',	91,	103,	6,	1,	781,	'2024-02-14 10:31:07',	'2024-02-14 10:31:07'),
(6307,	63,	'HULU SUNGAI TENGAH',	0,	0,	0,	0,	898,	'2024-02-14 10:43:01',	'2024-02-14 10:43:01'),
(6308,	63,	'HULU SUNGAI UTARA',	133,	46,	6,	1,	768,	'2024-02-14 10:44:43',	'2024-02-14 10:44:43'),
(6309,	63,	'TABALONG',	726,	782,	89,	9,	906,	'2024-02-14 10:45:10',	'2024-02-14 10:45:10'),
(6310,	63,	'TANAH BUMBU',	42,	125,	11,	1,	1093,	'2024-02-14 10:22:38',	'2024-02-14 10:22:38'),
(6311,	63,	'BALANGAN',	0,	0,	0,	0,	429,	'2024-02-14 10:26:29',	'2024-02-14 10:26:29'),
(6371,	63,	'KOTA BANJARMASIN',	3642,	3894,	635,	42,	1940,	'2024-02-14 10:43:58',	'2024-02-14 10:43:58'),
(6372,	63,	'KOTA BANJARBARU',	2601,	3348,	495,	36,	898,	'2024-02-14 10:43:56',	'2024-02-14 10:43:56'),
(6401,	64,	'PASER',	0,	0,	0,	0,	846,	'2024-02-14 10:43:46',	'2024-02-14 10:43:46'),
(6402,	64,	'KUTAI KARTANEGARA',	60,	241,	26,	2,	2269,	'2024-02-14 10:43:36',	'2024-02-14 10:43:36'),
(6403,	64,	'BERAU',	8,	143,	3,	1,	807,	'2024-02-14 10:38:48',	'2024-02-14 10:38:48'),
(6407,	64,	'KUTAI BARAT',	0,	0,	0,	0,	532,	'2024-02-14 10:19:21',	'2024-02-14 10:19:21'),
(6408,	64,	'KUTAI TIMUR',	70,	283,	49,	2,	1185,	'2024-02-14 10:37:49',	'2024-02-14 10:37:49'),
(6409,	64,	'PENAJAM PASER UTARA',	1000,	4951,	482,	30,	542,	'2024-02-14 10:43:23',	'2024-02-14 10:43:23'),
(6411,	64,	'MAHAKAM ULU',	0,	0,	0,	0,	118,	'2024-02-14 09:45:46',	'2024-02-14 09:45:46'),
(6471,	64,	'KOTA BALIKPAPAN',	238,	454,	104,	5,	2047,	'2024-02-14 10:44:00',	'2024-02-14 10:44:00'),
(6472,	64,	'KOTA SAMARINDA',	117,	353,	52,	3,	2563,	'2024-02-14 10:43:25',	'2024-02-14 10:43:25'),
(6474,	64,	'KOTA BONTANG',	158,	387,	68,	3,	532,	'2024-02-14 10:40:56',	'2024-02-14 10:40:56'),
(6501,	65,	'BULUNGAN',	0,	0,	0,	0,	484,	'2024-02-14 10:44:00',	'2024-02-14 10:44:00'),
(6502,	65,	'MALINAU',	0,	0,	0,	0,	282,	'2024-02-14 10:04:36',	'2024-02-14 10:04:36'),
(6503,	65,	'NUNUKAN',	141,	312,	23,	3,	763,	'2024-02-14 10:19:45',	'2024-02-14 10:19:45'),
(6504,	65,	'TANA TIDUNG',	0,	0,	0,	0,	84,	'2024-02-14 08:36:47',	'2024-02-14 08:36:47'),
(6571,	65,	'KOTA TARAKAN',	0,	0,	0,	0,	682,	'2024-02-14 10:42:17',	'2024-02-14 10:42:17'),
(7101,	71,	'BOLAANG MONGONDOW',	0,	0,	0,	0,	766,	'2024-02-14 10:11:02',	'2024-02-14 10:11:02'),
(7102,	71,	'MINAHASA',	20,	1115,	299,	8,	1168,	'2024-02-14 10:44:17',	'2024-02-14 10:44:17'),
(7103,	71,	'KEPULAUAN SANGIHE',	0,	0,	0,	0,	470,	'2024-02-14 09:39:14',	'2024-02-14 09:39:14'),
(7104,	71,	'KEPULAUAN TALAUD',	0,	0,	0,	0,	344,	'2024-02-14 10:45:27',	'2024-02-14 10:45:27'),
(7105,	71,	'MINAHASA SELATAN',	2,	590,	154,	4,	730,	'2024-02-14 10:34:39',	'2024-02-14 10:34:39'),
(7106,	71,	'MINAHASA UTARA',	17,	158,	28,	1,	669,	'2024-02-14 10:41:34',	'2024-02-14 10:41:34'),
(7107,	71,	'MINAHASA TENGGARA',	0,	0,	0,	0,	393,	'2024-02-14 09:51:21',	'2024-02-14 09:51:21'),
(7108,	71,	'BOLAANG MONGONDOW UTARA',	218,	598,	101,	5,	277,	'2024-02-14 10:44:09',	'2024-02-14 10:44:09'),
(7109,	71,	'KEP. SIAU TAGULANDANG BIARO',	23,	913,	376,	7,	249,	'2024-02-14 10:44:39',	'2024-02-14 10:44:39'),
(7110,	71,	'BOLAANG MONGONDOW TIMUR',	0,	0,	0,	0,	257,	'2024-02-14 10:43:58',	'2024-02-14 10:43:58'),
(7111,	71,	'BOLAANG MONGONDOW SELATAN',	427,	1250,	397,	9,	219,	'2024-02-14 10:43:19',	'2024-02-14 10:43:19'),
(7171,	71,	'KOTA MANADO',	85,	1661,	369,	11,	1371,	'2024-02-14 10:43:54',	'2024-02-14 10:43:54'),
(7172,	71,	'KOTA BITUNG',	151,	914,	168,	8,	675,	'2024-02-14 10:44:51',	'2024-02-14 10:44:51'),
(7173,	71,	'KOTA TOMOHON',	2,	762,	390,	5,	301,	'2024-02-14 10:23:27',	'2024-02-14 10:23:27'),
(7174,	71,	'KOTA KOTAMOBAGU',	188,	530,	31,	4,	351,	'2024-02-14 10:41:18',	'2024-02-14 10:41:18'),
(7201,	72,	'BANGGAI',	877,	1588,	229,	15,	1211,	'2024-02-14 10:43:54',	'2024-02-14 10:43:54'),
(7202,	72,	'POSO',	340,	1373,	214,	12,	803,	'2024-02-14 10:42:15',	'2024-02-14 10:42:15'),
(7203,	72,	'DONGGALA',	345,	805,	63,	6,	915,	'2024-02-14 10:37:54',	'2024-02-14 10:37:54'),
(7204,	72,	'TOLI TOLI',	757,	1078,	153,	10,	707,	'2024-02-14 10:18:40',	'2024-02-14 10:18:40'),
(7205,	72,	'BUOL',	271,	653,	90,	5,	459,	'2024-02-14 10:41:36',	'2024-02-14 10:41:36'),
(7206,	72,	'MOROWALI',	841,	1840,	70,	13,	511,	'2024-02-14 10:38:50',	'2024-02-14 10:38:50'),
(7207,	72,	'BANGGAI KEPULAUAN',	0,	0,	0,	0,	417,	'2024-02-14 09:51:30',	'2024-02-14 09:51:30'),
(7208,	72,	'PARIGI MOUTONG',	1174,	2298,	388,	20,	1360,	'2024-02-14 10:42:12',	'2024-02-14 10:42:12'),
(7209,	72,	'TOJO UNA UNA',	330,	648,	55,	5,	518,	'2024-02-14 10:40:15',	'2024-02-14 10:40:15'),
(7210,	72,	'SIGI',	330,	982,	92,	7,	826,	'2024-02-14 10:29:51',	'2024-02-14 10:29:51'),
(7211,	72,	'BANGGAI LAUT',	0,	0,	0,	0,	220,	'2024-02-14 09:57:03',	'2024-02-14 09:57:03'),
(7212,	72,	'MOROWALI UTARA',	273,	1052,	107,	7,	443,	'2024-02-14 09:31:24',	'2024-02-14 09:31:24'),
(7271,	72,	'KOTA PALU',	3074,	4733,	634,	44,	1072,	'2024-02-14 10:44:40',	'2024-02-14 10:44:40'),
(7301,	73,	'KEPULAUAN SELAYAR',	125,	150,	8,	2,	450,	'2024-02-14 09:40:47',	'2024-02-14 09:40:47'),
(7302,	73,	'BULUKUMBA',	280,	277,	24,	3,	1241,	'2024-02-14 10:07:39',	'2024-02-14 10:07:39'),
(7303,	73,	'BANTAENG',	944,	1139,	63,	11,	596,	'2024-02-14 09:49:37',	'2024-02-14 09:49:37'),
(7304,	73,	'JENEPONTO',	428,	597,	30,	6,	1097,	'2024-02-14 10:05:34',	'2024-02-14 10:05:34'),
(7305,	73,	'TAKALAR',	65,	160,	7,	1,	864,	'2024-02-14 10:07:41',	'2024-02-14 10:07:41'),
(7306,	73,	'GOWA',	999,	934,	50,	9,	2133,	'2024-02-14 10:07:16',	'2024-02-14 10:07:16'),
(7307,	73,	'SINJAI',	2944,	1703,	88,	26,	830,	'2024-02-14 10:07:01',	'2024-02-14 10:07:01'),
(7308,	73,	'BONE',	3985,	4542,	271,	44,	2270,	'2024-02-14 10:07:05',	'2024-02-14 10:07:05'),
(7309,	73,	'MAROS',	84,	88,	0,	1,	1073,	'2024-02-14 10:07:46',	'2024-02-14 10:07:46'),
(7310,	73,	'PANGKAJENE KEPULAUAN',	0,	0,	0,	0,	967,	'2024-02-14 10:05:21',	'2024-02-14 10:05:21'),
(7311,	73,	'BARRU',	3201,	3330,	189,	33,	542,	'2024-02-14 10:07:39',	'2024-02-14 10:07:39'),
(7312,	73,	'SOPPENG',	78,	49,	6,	1,	794,	'2024-02-14 10:06:52',	'2024-02-14 10:06:52'),
(7313,	73,	'WAJO',	75,	44,	3,	1,	1146,	'2024-02-14 10:07:10',	'2024-02-14 10:07:10'),
(7314,	73,	'SIDENRENG RAPPANG',	410,	193,	14,	3,	934,	'2024-02-14 09:56:54',	'2024-02-14 09:56:54'),
(7315,	73,	'PINRANG',	173,	169,	32,	2,	1203,	'2024-02-14 10:05:06',	'2024-02-14 10:05:06'),
(7316,	73,	'ENREKANG',	466,	350,	18,	5,	798,	'2024-02-14 10:03:14',	'2024-02-14 10:03:14'),
(7317,	73,	'LUWU',	112,	123,	1,	2,	1141,	'2024-02-14 10:01:31',	'2024-02-14 10:01:31'),
(7318,	73,	'TANA TORAJA',	0,	0,	0,	0,	814,	'2024-02-14 09:33:02',	'2024-02-14 09:33:02'),
(7322,	73,	'LUWU UTARA',	0,	0,	0,	0,	1001,	'2024-02-14 10:01:49',	'2024-02-14 10:01:49'),
(7324,	73,	'LUWU TIMUR',	869,	1201,	132,	10,	810,	'2024-02-14 10:04:31',	'2024-02-14 10:04:31'),
(7326,	73,	'TORAJA UTARA',	0,	136,	26,	1,	748,	'2024-02-14 10:03:54',	'2024-02-14 10:03:54'),
(7371,	73,	'KOTA MAKASSAR',	1774,	1642,	271,	20,	4004,	'2024-02-14 10:07:43',	'2024-02-14 10:07:43'),
(7372,	73,	'KOTA PARE PARE',	478,	596,	48,	5,	395,	'2024-02-14 09:57:44',	'2024-02-14 09:57:44'),
(7373,	73,	'KOTA PALOPO',	782,	1232,	86,	10,	506,	'2024-02-14 10:07:29',	'2024-02-14 10:07:29'),
(7401,	74,	'KOLAKA',	0,	0,	0,	0,	705,	'2024-02-14 10:45:03',	'2024-02-14 10:45:03'),
(7402,	74,	'KONAWE',	0,	0,	0,	0,	803,	'2024-02-14 10:33:51',	'2024-02-14 10:33:51'),
(7403,	74,	'MUNA',	0,	0,	0,	0,	643,	'2024-02-14 10:44:20',	'2024-02-14 10:44:20'),
(7404,	74,	'BUTON',	0,	0,	0,	0,	356,	'2024-02-14 10:42:49',	'2024-02-14 10:42:49'),
(7405,	74,	'KONAWE SELATAN',	0,	0,	0,	0,	1000,	'2024-02-14 10:36:02',	'2024-02-14 10:36:02'),
(7406,	74,	'BOMBANA',	147,	262,	18,	2,	472,	'2024-02-14 09:19:16',	'2024-02-14 09:19:16'),
(7407,	74,	'WAKATOBI',	0,	0,	0,	0,	340,	'2024-02-14 10:13:39',	'2024-02-14 10:13:39'),
(7408,	74,	'KOLAKA UTARA',	0,	0,	0,	0,	422,	'2024-02-14 10:30:15',	'2024-02-14 10:30:15'),
(7409,	74,	'KONAWE UTARA',	0,	0,	0,	0,	260,	'2024-02-14 10:17:11',	'2024-02-14 10:17:11'),
(7410,	74,	'BUTON UTARA',	0,	0,	0,	0,	224,	'2024-02-14 09:27:52',	'2024-02-14 09:27:52'),
(7411,	74,	'KOLAKA TIMUR',	0,	0,	0,	0,	398,	'2024-02-14 09:39:19',	'2024-02-14 09:39:19'),
(7412,	74,	'KONAWE KEPULAUAN',	0,	0,	0,	0,	141,	'2024-02-14 09:26:57',	'2024-02-14 09:26:57'),
(7413,	74,	'MUNA BARAT',	0,	0,	0,	0,	254,	'2024-02-14 09:47:43',	'2024-02-14 09:47:43'),
(7414,	74,	'BUTON TENGAH',	91,	88,	9,	1,	334,	'2024-02-14 10:31:26',	'2024-02-14 10:31:26'),
(7415,	74,	'BUTON SELATAN',	16,	98,	5,	1,	323,	'2024-02-14 10:09:52',	'2024-02-14 10:09:52'),
(7471,	74,	'KOTA KENDARI',	317,	564,	69,	5,	1030,	'2024-02-14 10:42:45',	'2024-02-14 10:42:45'),
(7472,	74,	'KOTA BAU BAU',	160,	349,	33,	3,	449,	'2024-02-14 10:44:51',	'2024-02-14 10:44:51'),
(7501,	75,	'GORONTALO',	241,	317,	17,	3,	1205,	'2024-02-14 10:43:30',	'2024-02-14 10:43:30'),
(7502,	75,	'BOALEMO',	458,	1179,	166,	8,	424,	'2024-02-14 10:42:57',	'2024-02-14 10:42:57'),
(7503,	75,	'BONE BOLANGO',	755,	1146,	94,	9,	509,	'2024-02-14 10:40:09',	'2024-02-14 10:40:09'),
(7504,	75,	'POHUWATO',	24,	265,	86,	2,	439,	'2024-02-14 10:05:48',	'2024-02-14 10:05:48'),
(7505,	75,	'GORONTALO UTARA',	89,	249,	20,	2,	412,	'2024-02-14 10:44:38',	'2024-02-14 10:44:38'),
(7571,	75,	'KOTA GORONTALO',	2110,	3111,	263,	25,	550,	'2024-02-14 10:42:04',	'2024-02-14 10:42:04'),
(7601,	76,	'PASANGKAYU',	0,	0,	0,	0,	452,	'2024-02-14 10:40:03',	'2024-02-14 10:40:03'),
(7602,	76,	'MAMUJU',	414,	559,	62,	5,	836,	'2024-02-14 10:20:51',	'2024-02-14 10:20:51'),
(7603,	76,	'MAMASA',	21,	297,	71,	2,	600,	'2024-02-14 10:37:07',	'2024-02-14 10:37:07'),
(7604,	76,	'POLEWALI MANDAR',	3773,	5885,	430,	49,	1362,	'2024-02-14 10:44:34',	'2024-02-14 10:44:34'),
(7605,	76,	'MAJENE',	448,	259,	23,	5,	554,	'2024-02-14 10:37:51',	'2024-02-14 10:37:51'),
(7606,	76,	'MAMUJU TENGAH',	0,	0,	0,	0,	415,	'2024-02-14 10:11:11',	'2024-02-14 10:11:11'),
(8101,	81,	'MALUKU TENGAH',	2715,	3256,	458,	37,	1237,	'2024-02-14 10:33:10',	'2024-02-14 10:33:10'),
(8102,	81,	'MALUKU TENGGARA',	44,	79,	42,	1,	406,	'2024-02-14 10:28:48',	'2024-02-14 10:28:48'),
(8103,	81,	'KEPULAUAN TANIMBAR',	27,	394,	127,	3,	346,	'2024-02-14 10:41:19',	'2024-02-14 10:41:19'),
(8104,	81,	'BURU',	208,	255,	14,	2,	420,	'2024-02-14 10:05:01',	'2024-02-14 10:05:01'),
(8105,	81,	'SERAM BAGIAN TIMUR',	103,	180,	28,	2,	490,	'2024-02-14 10:41:29',	'2024-02-14 10:41:29'),
(8106,	81,	'SERAM BAGIAN BARAT',	549,	1183,	338,	14,	658,	'2024-02-14 10:38:07',	'2024-02-14 10:38:07'),
(8107,	81,	'KEPULAUAN ARU',	0,	0,	0,	0,	333,	'2024-02-14 08:07:25',	'2024-02-14 08:07:25'),
(8108,	81,	'MALUKU BARAT DAYA',	0,	0,	0,	0,	293,	'2024-02-14 08:17:30',	'2024-02-14 08:17:30'),
(8109,	81,	'BURU SELATAN',	0,	0,	0,	0,	258,	'2024-02-14 10:08:04',	'2024-02-14 10:08:04'),
(8171,	81,	'KOTA AMBON',	7032,	10032,	1628,	87,	940,	'2024-02-14 10:45:00',	'2024-02-14 10:45:00'),
(8172,	81,	'KOTA TUAL',	449,	555,	66,	5,	241,	'2024-02-14 09:50:58',	'2024-02-14 09:50:58'),
(8201,	82,	'HALMAHERA BARAT',	20,	430,	94,	3,	425,	'2024-02-14 10:24:12',	'2024-02-14 10:24:12'),
(8202,	82,	'HALMAHERA TENGAH',	0,	0,	0,	0,	291,	'2024-02-14 10:30:23',	'2024-02-14 10:30:23'),
(8203,	82,	'HALMAHERA UTARA',	124,	931,	273,	7,	606,	'2024-02-14 10:42:27',	'2024-02-14 10:42:27'),
(8204,	82,	'HALMAHERA SELATAN',	465,	463,	79,	6,	897,	'2024-02-14 10:33:50',	'2024-02-14 10:33:50'),
(8205,	82,	'KEPULAUAN SULA',	0,	0,	0,	0,	303,	'2024-02-14 10:03:26',	'2024-02-14 10:03:26'),
(8206,	82,	'HALMAHERA TIMUR',	0,	0,	0,	0,	292,	'2024-02-14 09:02:18',	'2024-02-14 09:02:18'),
(8207,	82,	'PULAU MOROTAI',	513,	658,	102,	7,	230,	'2024-02-14 10:31:06',	'2024-02-14 10:31:06'),
(8208,	82,	'PULAU TALIABU',	0,	0,	0,	0,	204,	'2024-02-14 10:26:19',	'2024-02-14 10:26:19'),
(8271,	82,	'KOTA TERNATE',	6415,	8202,	740,	82,	571,	'2024-02-14 10:43:33',	'2024-02-14 10:43:33'),
(8272,	82,	'KOTA TIDORE KEPULAUAN',	750,	1023,	336,	11,	373,	'2024-02-14 10:39:12',	'2024-02-14 10:39:12'),
(9103,	91,	'JAYAPURA',	199,	1058,	254,	8,	568,	'2024-02-14 10:40:52',	'2024-02-14 10:40:52'),
(9105,	91,	'KEPULAUAN YAPEN',	259,	556,	86,	4,	370,	'2024-02-14 10:18:50',	'2024-02-14 10:18:50'),
(9106,	91,	'BIAK NUMFOR',	48,	541,	187,	4,	484,	'2024-02-14 10:44:04',	'2024-02-14 10:44:04'),
(9110,	91,	'SARMI',	0,	0,	0,	0,	149,	'2024-02-14 10:15:25',	'2024-02-14 10:15:25'),
(9111,	91,	'KEEROM',	50,	541,	71,	3,	216,	'2024-02-14 10:09:51',	'2024-02-14 10:09:51'),
(9115,	91,	'WAROPEN',	0,	0,	0,	0,	156,	'2024-02-13 01:35:48',	'2024-02-13 01:35:48'),
(9119,	91,	'SUPIORI',	0,	0,	0,	0,	79,	'2024-02-14 07:59:21',	'2024-02-14 07:59:21'),
(9120,	91,	'MAMBERAMO RAYA',	0,	0,	0,	0,	147,	'2024-02-14 05:56:15',	'2024-02-14 05:56:15'),
(9171,	91,	'KOTA JAYAPURA',	593,	4242,	843,	24,	940,	'2024-02-14 10:40:21',	'2024-02-14 10:40:21'),
(9202,	92,	'MANOKWARI',	58,	273,	44,	2,	673,	'2024-02-14 10:11:37',	'2024-02-14 10:11:37'),
(9203,	92,	'FAK FAK',	44,	217,	19,	2,	302,	'2024-02-14 10:15:30',	'2024-02-14 10:15:30'),
(9206,	92,	'TELUK BINTUNI',	59,	309,	75,	3,	280,	'2024-02-14 10:36:39',	'2024-02-14 10:36:39'),
(9207,	92,	'TELUK WONDAMA',	0,	0,	0,	0,	142,	'2024-02-14 10:09:08',	'2024-02-14 10:09:08'),
(9208,	92,	'KAIMANA',	11,	93,	40,	1,	217,	'2024-02-14 10:15:07',	'2024-02-14 10:15:07'),
(9211,	92,	'MANOKWARI SELATAN',	0,	0,	0,	0,	127,	'2024-02-14 09:16:54',	'2024-02-14 09:16:54'),
(9212,	92,	'PEGUNUNGAN ARFAK',	0,	0,	0,	0,	182,	'2024-02-14 10:45:35',	'2024-02-14 10:45:35'),
(9301,	93,	'MERAUKE',	138,	729,	123,	6,	774,	'2024-02-14 10:25:15',	'2024-02-14 10:25:15'),
(9302,	93,	'BOVEN DIGOEL',	0,	0,	0,	0,	285,	'2024-02-14 10:45:35',	'2024-02-14 10:45:35'),
(9303,	93,	'MAPPI',	0,	0,	0,	0,	359,	'2024-02-14 05:40:49',	'2024-02-14 05:40:49'),
(9304,	93,	'ASMAT',	0,	0,	0,	0,	352,	'2024-02-14 07:49:31',	'2024-02-14 07:49:31'),
(9401,	94,	'NABIRE',	102,	634,	93,	3,	480,	'2024-02-14 10:37:04',	'2024-02-14 10:37:04'),
(9402,	94,	'PUNCAK JAYA',	0,	0,	0,	0,	811,	'2024-02-14 10:45:36',	'2024-02-14 10:45:36'),
(9403,	94,	'PANIAI',	0,	0,	0,	0,	499,	'2024-02-13 22:54:44',	'2024-02-13 22:54:44'),
(9404,	94,	'MIMIKA',	124,	760,	174,	4,	955,	'2024-02-14 10:41:47',	'2024-02-14 10:41:47'),
(9405,	94,	'PUNCAK',	0,	0,	0,	0,	622,	'2024-02-14 10:45:36',	'2024-02-14 10:45:36'),
(9406,	94,	'DOGIYAI',	0,	0,	0,	0,	358,	'2024-02-14 10:45:36',	'2024-02-14 10:45:36'),
(9407,	94,	'INTAN JAYA',	0,	0,	0,	0,	463,	'2024-02-14 10:44:01',	'2024-02-14 10:44:01'),
(9408,	94,	'DEIYAI',	31,	146,	30,	1,	296,	'2024-02-14 10:00:23',	'2024-02-14 10:00:23'),
(9501,	95,	'JAYAWIJAYA',	16,	211,	38,	1,	1034,	'2024-02-14 10:19:48',	'2024-02-14 10:19:48'),
(9502,	95,	'PEGUNUNGAN BINTANG',	0,	0,	0,	0,	478,	'2024-02-12 19:06:00',	'2024-02-12 19:06:00'),
(9503,	95,	'YAHUKIMO',	0,	0,	0,	0,	1341,	'2024-02-14 10:45:36',	'2024-02-14 10:45:36'),
(9504,	95,	'TOLIKARA',	0,	0,	0,	0,	1083,	'2024-02-14 10:45:36',	'2024-02-14 10:45:36'),
(9505,	95,	'MAMBERAMO TENGAH',	0,	0,	0,	0,	154,	'2024-02-12 23:52:19',	'2024-02-12 23:52:19'),
(9506,	95,	'YALIMO',	0,	0,	0,	0,	432,	'2024-02-14 10:45:36',	'2024-02-14 10:45:36'),
(9507,	95,	'LANNY JAYA',	135,	75,	9,	1,	883,	'2024-02-14 10:17:46',	'2024-02-14 10:17:46'),
(9508,	95,	'NDUGA',	0,	0,	0,	0,	445,	'2024-02-14 10:34:53',	'2024-02-14 10:34:53'),
(9601,	96,	'SORONG',	270,	1155,	149,	8,	520,	'2024-02-14 10:32:59',	'2024-02-14 10:32:59'),
(9602,	96,	'SORONG SELATAN',	0,	0,	0,	0,	200,	'2024-02-14 08:17:47',	'2024-02-14 08:17:47'),
(9603,	96,	'RAJA AMPAT',	0,	0,	0,	0,	209,	'2024-02-14 10:30:55',	'2024-02-14 10:30:55'),
(9604,	96,	'TAMBRAUW',	0,	0,	0,	0,	225,	'2024-02-11 22:47:32',	'2024-02-11 22:47:32'),
(9605,	96,	'MAYBRAT',	0,	0,	0,	0,	272,	'2024-02-14 06:10:11',	'2024-02-14 06:10:11'),
(9671,	96,	'KOTA SORONG',	368,	1235,	321,	11,	730,	'2024-02-14 10:38:06',	'2024-02-14 10:38:06'),
(9901,	99,	'BRUNEI DARUSSALAM',	0,	0,	0,	0,	26,	'2024-02-12 20:37:19',	'2024-02-12 20:37:19'),
(9902,	99,	'FILIPINA',	70,	304,	190,	2,	16,	'2024-02-14 10:32:01',	'2024-02-14 10:32:01'),
(9903,	99,	'KAMBOJA',	0,	0,	0,	0,	5,	'2024-02-14 07:33:59',	'2024-02-14 07:33:59'),
(9904,	99,	'LAOS',	0,	0,	0,	0,	3,	'2024-02-14 10:45:38',	'2024-02-14 10:45:38'),
(9905,	99,	'MALAYSIA',	494,	933,	210,	8,	2166,	'2024-02-14 10:38:46',	'2024-02-14 10:38:46'),
(9906,	99,	'MYANMAR',	59,	77,	67,	2,	2,	'2024-02-14 08:55:33',	'2024-02-14 08:55:33'),
(9907,	99,	'SINGAPURA',	2368,	10073,	5342,	59,	120,	'2024-02-14 10:31:18',	'2024-02-14 10:31:18'),
(9908,	99,	'THAILAND',	443,	423,	321,	2,	7,	'2024-02-14 09:12:38',	'2024-02-14 09:12:38'),
(9909,	99,	'VIETNAM',	0,	0,	0,	0,	5,	'2024-02-14 02:11:57',	'2024-02-14 02:11:57'),
(9910,	99,	'JEPANG',	1329,	1932,	813,	7,	40,	'2024-02-14 10:41:58',	'2024-02-14 10:41:58'),
(9911,	99,	'KOREA SELATAN',	49,	145,	27,	1,	39,	'2024-02-14 10:12:31',	'2024-02-14 10:12:31'),
(9912,	99,	'REPUBLIK RAKYAT TIONGKOK',	0,	0,	0,	0,	18,	'2024-02-14 10:10:34',	'2024-02-14 10:10:34'),
(9913,	99,	'TAIWAN',	0,	0,	0,	0,	150,	'2024-02-14 09:28:04',	'2024-02-14 09:28:04'),
(9914,	99,	'HONG KONG',	0,	0,	0,	0,	40,	'2024-02-14 10:45:38',	'2024-02-14 10:45:38'),
(9915,	99,	'AUSTRALIA',	1541,	1833,	2984,	32,	73,	'2024-02-14 10:45:01',	'2024-02-14 10:45:01'),
(9916,	99,	'SELANDIA BARU',	127,	123,	154,	2,	8,	'2024-02-14 08:57:46',	'2024-02-14 08:57:46'),
(9917,	99,	'FIJI',	0,	0,	0,	0,	4,	'2024-02-14 10:45:38',	'2024-02-14 10:45:38'),
(9918,	99,	'KALEDONIA BARU',	0,	0,	0,	0,	3,	'2024-02-14 10:45:38',	'2024-02-14 10:45:38'),
(9919,	99,	'PAPUA NUGINI',	0,	0,	0,	0,	-2,	'2024-02-14 10:45:38',	'2024-02-14 10:45:38'),
(9920,	99,	'TIMOR LESTE',	0,	0,	0,	0,	20,	'2024-02-14 10:45:38',	'2024-02-14 10:45:38'),
(9921,	99,	'BANGLADESH',	0,	0,	0,	0,	2,	'2024-02-14 10:45:38',	'2024-02-14 10:45:38'),
(9922,	99,	'INDIA',	56,	44,	34,	1,	4,	'2024-02-14 08:45:38',	'2024-02-14 08:45:38'),
(9923,	99,	'IRAN',	0,	0,	0,	0,	3,	'2024-02-14 10:45:38',	'2024-02-14 10:45:38'),
(9924,	99,	'KAZAKHSTAN',	0,	0,	0,	0,	2,	'2024-02-14 10:45:38',	'2024-02-14 10:45:38'),
(9925,	99,	'PAKISTAN',	327,	94,	27,	1,	4,	'2024-02-14 08:55:55',	'2024-02-14 08:55:55'),
(9926,	99,	'SRI LANGKA',	0,	0,	0,	0,	3,	'2024-02-14 10:45:38',	'2024-02-14 10:45:38'),
(9927,	99,	'UZBEKISTAN',	0,	0,	0,	0,	2,	'2024-02-14 07:49:53',	'2024-02-14 07:49:53'),
(9928,	99,	'ARAB SAUDI',	906,	737,	216,	9,	57,	'2024-02-14 10:43:18',	'2024-02-14 10:43:18'),
(9929,	99,	'UNI EMIRAT ARAB',	603,	1229,	298,	6,	24,	'2024-02-14 10:44:44',	'2024-02-14 10:44:44'),
(9930,	99,	'BAHRAIN',	30,	122,	11,	2,	7,	'2024-02-14 10:41:08',	'2024-02-14 10:41:08'),
(9931,	99,	'KUWAIT',	0,	0,	0,	0,	9,	'2024-02-14 10:45:39',	'2024-02-14 10:45:39'),
(9932,	99,	'OMAN',	60,	81,	29,	1,	7,	'2024-02-14 10:18:12',	'2024-02-14 10:18:12'),
(9933,	99,	'QATAR',	1232,	324,	245,	6,	15,	'2024-02-14 09:38:06',	'2024-02-14 09:38:06'),
(9934,	99,	'AZERBAIJAN',	24,	29,	15,	1,	3,	'2024-02-14 09:36:26',	'2024-02-14 09:36:26'),
(9935,	99,	'IRAK',	0,	0,	0,	0,	2,	'2024-02-14 10:45:39',	'2024-02-14 10:45:39'),
(9936,	99,	'LEBANON',	0,	0,	0,	0,	1,	'2024-02-14 09:04:11',	'2024-02-14 09:04:11'),
(9937,	99,	'SURIAH',	0,	0,	0,	0,	4,	'2024-02-14 10:45:39',	'2024-02-14 10:45:39'),
(9938,	99,	'YAMAN',	920,	56,	17,	2,	10,	'2024-02-14 10:30:01',	'2024-02-14 10:30:01'),
(9939,	99,	'YORDANIA',	0,	0,	0,	0,	6,	'2024-02-14 10:45:39',	'2024-02-14 10:45:39'),
(9940,	99,	'AFRIKA SELATAN',	0,	0,	0,	0,	7,	'2024-02-14 10:45:39',	'2024-02-14 10:45:39'),
(9941,	99,	'ALJAZAIR',	0,	0,	0,	0,	3,	'2024-02-14 10:45:39',	'2024-02-14 10:45:39'),
(9942,	99,	'ETHIOPIA',	0,	0,	0,	0,	2,	'2024-02-14 10:45:39',	'2024-02-14 10:45:39'),
(9943,	99,	'KENYA',	0,	0,	0,	0,	5,	'2024-02-14 10:45:39',	'2024-02-14 10:45:39'),
(9944,	99,	'LIBYA',	0,	0,	0,	0,	3,	'2024-02-14 10:45:39',	'2024-02-14 10:45:39'),
(9945,	99,	'MADAGASKAR',	0,	0,	0,	0,	3,	'2024-02-14 10:45:39',	'2024-02-14 10:45:39'),
(9946,	99,	'MOROCCO',	0,	0,	0,	0,	5,	'2024-02-14 10:45:39',	'2024-02-14 10:45:39'),
(9947,	99,	'MESIR',	0,	0,	0,	0,	22,	'2024-02-13 13:28:01',	'2024-02-13 13:28:01'),
(9948,	99,	'MOZAMBIK',	0,	0,	0,	0,	4,	'2024-02-14 10:45:39',	'2024-02-14 10:45:39'),
(9949,	99,	'NAMIBIA',	0,	0,	0,	0,	5,	'2024-02-14 10:45:39',	'2024-02-14 10:45:39'),
(9950,	99,	'NIGERIA',	0,	0,	0,	0,	7,	'2024-02-14 10:45:39',	'2024-02-14 10:45:39'),
(9951,	99,	'SENEGAL',	0,	0,	0,	0,	3,	'2024-02-14 10:45:39',	'2024-02-14 10:45:39'),
(9952,	99,	'SUDAN',	0,	0,	0,	0,	2,	'2024-02-14 10:45:39',	'2024-02-14 10:45:39'),
(9953,	99,	'TANZANIA',	0,	0,	0,	0,	2,	'2024-02-14 10:45:39',	'2024-02-14 10:45:39'),
(9954,	99,	'TUNISIA',	0,	0,	0,	0,	2,	'2024-02-14 10:33:58',	'2024-02-14 10:33:58'),
(9955,	99,	'ZIMBABWE',	0,	0,	0,	0,	4,	'2024-02-14 10:45:39',	'2024-02-14 10:45:39'),
(9956,	99,	'AMERIKA SERIKAT',	0,	0,	0,	0,	52,	'2024-02-14 07:26:19',	'2024-02-14 07:26:19'),
(9957,	99,	'KANADA',	0,	0,	0,	0,	11,	'2024-02-13 14:32:23',	'2024-02-13 14:32:23'),
(9958,	99,	'KUBA',	0,	0,	0,	0,	2,	'2024-02-14 10:45:39',	'2024-02-14 10:45:39'),
(9959,	99,	'MEXICO',	0,	0,	0,	0,	2,	'2024-02-14 10:45:39',	'2024-02-14 10:45:39'),
(9960,	99,	'PANAMA',	0,	0,	0,	0,	3,	'2024-02-14 10:45:39',	'2024-02-14 10:45:39'),
(9961,	99,	'ARGENTINA',	0,	0,	0,	0,	3,	'2024-02-14 10:45:39',	'2024-02-14 10:45:39'),
(9962,	99,	'BRASIL',	0,	0,	0,	0,	3,	'2024-02-14 10:45:39',	'2024-02-14 10:45:39'),
(9963,	99,	'CHILE',	0,	0,	0,	0,	2,	'2024-02-14 10:45:39',	'2024-02-14 10:45:39'),
(9964,	99,	'EKUADOR',	0,	0,	0,	0,	2,	'2024-02-14 10:45:40',	'2024-02-14 10:45:40'),
(9965,	99,	'KOLOMBIA',	0,	0,	0,	0,	2,	'2024-02-14 10:45:40',	'2024-02-14 10:45:40'),
(9966,	99,	'PERU',	0,	0,	0,	0,	3,	'2024-02-14 10:45:40',	'2024-02-14 10:45:40'),
(9967,	99,	'SURINAME',	0,	0,	0,	0,	3,	'2024-02-14 10:45:40',	'2024-02-14 10:45:40'),
(9968,	99,	'VENEZUELA',	0,	0,	0,	0,	4,	'2024-02-14 10:45:40',	'2024-02-14 10:45:40'),
(9969,	99,	'AUSTRIA',	94,	89,	144,	1,	2,	'2024-02-14 10:43:46',	'2024-02-14 10:43:46'),
(9970,	99,	'BELANDA',	0,	0,	0,	0,	9,	'2024-02-14 07:40:45',	'2024-02-14 07:40:45'),
(9971,	99,	'BELGIA',	0,	0,	0,	0,	5,	'2024-02-14 10:45:40',	'2024-02-14 10:45:40'),
(9972,	99,	'JERMAN',	163,	135,	181,	2,	28,	'2024-02-14 10:43:12',	'2024-02-14 10:43:12'),
(9973,	99,	'PERANCIS',	0,	0,	0,	0,	6,	'2024-02-12 16:39:03',	'2024-02-12 16:39:03'),
(9974,	99,	'SWISS',	0,	0,	0,	0,	2,	'2024-02-14 09:22:32',	'2024-02-14 09:22:32'),
(9975,	99,	'BOSNIA-HERZEGOVINA',	0,	0,	0,	0,	3,	'2024-02-14 10:45:01',	'2024-02-14 10:45:01'),
(9976,	99,	'INGGRIS',	0,	0,	0,	0,	4,	'2024-02-13 14:59:24',	'2024-02-13 14:59:24'),
(9977,	99,	'BULGARIA',	0,	0,	0,	0,	2,	'2024-02-14 10:45:40',	'2024-02-14 10:45:40'),
(9978,	99,	'REPUBLIK CEKO',	0,	0,	0,	0,	2,	'2024-02-14 10:45:40',	'2024-02-14 10:45:40'),
(9979,	99,	'DENMARK',	0,	0,	0,	0,	2,	'2024-02-14 10:45:40',	'2024-02-14 10:45:40'),
(9980,	99,	'FINLANDIA',	64,	100,	94,	1,	2,	'2024-02-14 10:33:34',	'2024-02-14 10:33:34'),
(9981,	99,	'HONGARIA',	0,	0,	0,	0,	5,	'2024-02-13 00:20:16',	'2024-02-13 00:20:16'),
(9982,	99,	'ITALIA',	0,	0,	0,	0,	5,	'2024-02-14 07:20:07',	'2024-02-14 07:20:07'),
(9983,	99,	'KROASIA',	0,	0,	0,	0,	2,	'2024-02-13 12:17:30',	'2024-02-13 12:17:30'),
(9984,	99,	'NORWEGIA',	0,	0,	0,	0,	2,	'2024-02-14 10:45:40',	'2024-02-14 10:45:40'),
(9985,	99,	'POLANDIA',	0,	0,	0,	0,	2,	'2024-02-14 10:38:11',	'2024-02-14 10:38:11'),
(9986,	99,	'PORTUGAL',	0,	0,	0,	0,	3,	'2024-02-14 00:08:51',	'2024-02-14 00:08:51'),
(9987,	99,	'RUMANIA',	0,	0,	0,	0,	2,	'2024-02-14 10:45:40',	'2024-02-14 10:45:40'),
(9988,	99,	'RUSIA',	71,	166,	77,	1,	2,	'2024-02-14 09:46:29',	'2024-02-14 09:46:29'),
(9989,	99,	'SERBIA',	0,	0,	0,	0,	4,	'2024-02-14 10:45:40',	'2024-02-14 10:45:40'),
(9990,	99,	'SLOWAKIA',	0,	0,	0,	0,	2,	'2024-02-14 10:45:40',	'2024-02-14 10:45:40'),
(9991,	99,	'SPANYOL',	0,	0,	0,	0,	2,	'2024-02-14 10:45:40',	'2024-02-14 10:45:40'),
(9992,	99,	'SWEDIA',	0,	0,	0,	0,	3,	'2024-02-14 10:45:40',	'2024-02-14 10:45:40'),
(9993,	99,	'TURKI',	0,	0,	0,	0,	8,	'2024-02-14 10:16:19',	'2024-02-14 10:16:19'),
(9994,	99,	'UKRANIA',	0,	0,	0,	0,	2,	'2024-02-14 10:45:41',	'2024-02-14 10:45:41'),
(9995,	99,	'VATIKAN',	0,	0,	0,	0,	3,	'2024-02-14 10:45:41',	'2024-02-14 10:45:41'),
(9996,	99,	'YUNANI',	0,	0,	0,	0,	5,	'2024-02-14 10:45:41',	'2024-02-14 10:45:41');

DROP TABLE IF EXISTS `kecamatan`;
CREATE TABLE `kecamatan` (
  `id` bigint unsigned NOT NULL AUTO_INCREMENT,
  `kabupaten_id` bigint unsigned NOT NULL,
  `nama` varchar(100) COLLATE utf8mb4_unicode_ci NOT NULL,
  `chart_01` int DEFAULT NULL,
  `chart_02` int DEFAULT NULL,
  `chart_03` int DEFAULT NULL,
  `progress_proses` int NOT NULL,
  `progress_total` int NOT NULL,
  `created_at` timestamp NULL DEFAULT NULL,
  `updated_at` timestamp NULL DEFAULT NULL,
  PRIMARY KEY (`id`),
  KEY `kecamatan_kabupaten_id_foreign` (`kabupaten_id`),
  CONSTRAINT `kecamatan_kabupaten_id_foreign` FOREIGN KEY (`kabupaten_id`) REFERENCES `kabupaten` (`id`)
) ENGINE=InnoDB DEFAULT CHARSET=utf8mb4 COLLATE=utf8mb4_unicode_ci;


DROP TABLE IF EXISTS `kelurahan`;
CREATE TABLE `kelurahan` (
  `id` bigint unsigned NOT NULL AUTO_INCREMENT,
  `kecamatan_id` bigint unsigned NOT NULL,
  `nama` varchar(100) COLLATE utf8mb4_unicode_ci NOT NULL,
  `chart_01` int DEFAULT NULL,
  `chart_02` int DEFAULT NULL,
  `chart_03` int DEFAULT NULL,
  `progress_proses` int NOT NULL,
  `progress_total` int NOT NULL,
  `created_at` timestamp NULL DEFAULT NULL,
  `updated_at` timestamp NULL DEFAULT NULL,
  PRIMARY KEY (`id`),
  KEY `kelurahan_kecamatan_id_foreign` (`kecamatan_id`),
  CONSTRAINT `kelurahan_kecamatan_id_foreign` FOREIGN KEY (`kecamatan_id`) REFERENCES `kecamatan` (`id`)
) ENGINE=InnoDB DEFAULT CHARSET=utf8mb4 COLLATE=utf8mb4_unicode_ci;


DROP TABLE IF EXISTS `migrations`;
CREATE TABLE `migrations` (
  `id` int unsigned NOT NULL AUTO_INCREMENT,
  `migration` varchar(255) COLLATE utf8mb4_unicode_ci NOT NULL,
  `batch` int NOT NULL,
  PRIMARY KEY (`id`)
) ENGINE=InnoDB DEFAULT CHARSET=utf8mb4 COLLATE=utf8mb4_unicode_ci;

INSERT INTO `migrations` (`id`, `migration`, `batch`) VALUES
(1,	'2014_10_12_000000_create_users_table',	1),
(2,	'2014_10_12_100000_create_password_reset_tokens_table',	1),
(3,	'2019_08_19_000000_create_failed_jobs_table',	1),
(4,	'2019_12_14_000001_create_personal_access_tokens_table',	1),
(5,	'2024_02_14_163000_create_ppwp_table',	1),
(6,	'2024_02_14_163532_create_nasional_table',	1),
(7,	'2024_02_14_165329_create_provinsi_table',	1),
(8,	'2024_02_14_165346_create_kabupaten_table',	1),
(9,	'2024_02_14_165352_create_kecamatan_table',	1),
(10,	'2024_02_14_165356_create_kelurahan_table',	1),
(11,	'2024_02_14_165404_create_tps_table',	1);

DROP TABLE IF EXISTS `nasional`;
CREATE TABLE `nasional` (
  `id` bigint unsigned NOT NULL AUTO_INCREMENT,
  `chart_01` int DEFAULT NULL,
  `chart_02` int DEFAULT NULL,
  `chart_03` int DEFAULT NULL,
  `progress_proses` int NOT NULL,
  `progress_total` int NOT NULL,
  `created_at` timestamp NULL DEFAULT NULL,
  `updated_at` timestamp NULL DEFAULT NULL,
  PRIMARY KEY (`id`)
) ENGINE=InnoDB DEFAULT CHARSET=utf8mb4 COLLATE=utf8mb4_unicode_ci;

INSERT INTO `nasional` (`id`, `chart_01`, `chart_02`, `chart_03`, `progress_proses`, `progress_total`, `created_at`, `updated_at`) VALUES
(1,	755127,	1268051,	395360,	11662,	823359,	'2024-02-14 10:57:09',	'2024-02-14 14:36:21');

DROP TABLE IF EXISTS `password_reset_tokens`;
CREATE TABLE `password_reset_tokens` (
  `email` varchar(255) COLLATE utf8mb4_unicode_ci NOT NULL,
  `token` varchar(255) COLLATE utf8mb4_unicode_ci NOT NULL,
  `created_at` timestamp NULL DEFAULT NULL,
  PRIMARY KEY (`email`)
) ENGINE=InnoDB DEFAULT CHARSET=utf8mb4 COLLATE=utf8mb4_unicode_ci;


DROP TABLE IF EXISTS `personal_access_tokens`;
CREATE TABLE `personal_access_tokens` (
  `id` bigint unsigned NOT NULL AUTO_INCREMENT,
  `tokenable_type` varchar(255) COLLATE utf8mb4_unicode_ci NOT NULL,
  `tokenable_id` bigint unsigned NOT NULL,
  `name` varchar(255) COLLATE utf8mb4_unicode_ci NOT NULL,
  `token` varchar(64) COLLATE utf8mb4_unicode_ci NOT NULL,
  `abilities` text COLLATE utf8mb4_unicode_ci,
  `last_used_at` timestamp NULL DEFAULT NULL,
  `expires_at` timestamp NULL DEFAULT NULL,
  `created_at` timestamp NULL DEFAULT NULL,
  `updated_at` timestamp NULL DEFAULT NULL,
  PRIMARY KEY (`id`),
  UNIQUE KEY `personal_access_tokens_token_unique` (`token`),
  KEY `personal_access_tokens_tokenable_type_tokenable_id_index` (`tokenable_type`,`tokenable_id`)
) ENGINE=InnoDB DEFAULT CHARSET=utf8mb4 COLLATE=utf8mb4_unicode_ci;


DROP TABLE IF EXISTS `ppwp`;
CREATE TABLE `ppwp` (
  `id` bigint unsigned NOT NULL AUTO_INCREMENT,
  `nama` varchar(73) COLLATE utf8mb4_unicode_ci NOT NULL,
  `warna` varchar(7) COLLATE utf8mb4_unicode_ci NOT NULL,
  `nomor_urut` varchar(2) COLLATE utf8mb4_unicode_ci NOT NULL,
  PRIMARY KEY (`id`)
) ENGINE=InnoDB DEFAULT CHARSET=utf8mb4 COLLATE=utf8mb4_unicode_ci;

INSERT INTO `ppwp` (`id`, `nama`, `warna`, `nomor_urut`) VALUES
(1,	'(01) H. ANIES RASYID BASWEDAN, Ph.D - H. A. MUHAIMIN ISKANDAR, Dr. (H.C.)',	'#00764c',	'01'),
(2,	'(02) H. PRABOWO SUBIANTO - GIBRAN RAKABUMING RAKA',	'#c3e6fb',	'02'),
(3,	'(03) H. GANJAR PRANOWO, S.H., M.I.P. - Prof. Dr. H. M. MAHFUD MD',	'#d71923',	'03');

DROP TABLE IF EXISTS `provinsi`;
CREATE TABLE `provinsi` (
  `id` bigint unsigned NOT NULL AUTO_INCREMENT,
  `nama` varchar(26) CHARACTER SET utf8mb4 COLLATE utf8mb4_unicode_ci NOT NULL,
  `chart_01` int DEFAULT NULL,
  `chart_02` int DEFAULT NULL,
  `chart_03` int DEFAULT NULL,
  `progress_proses` int NOT NULL,
  `progress_total` int NOT NULL,
  `created_at` timestamp NULL DEFAULT NULL,
  `updated_at` timestamp NULL DEFAULT NULL,
  PRIMARY KEY (`id`)
) ENGINE=InnoDB DEFAULT CHARSET=utf8mb4 COLLATE=utf8mb4_unicode_ci;

INSERT INTO `provinsi` (`id`, `nama`, `chart_01`, `chart_02`, `chart_03`, `progress_proses`, `progress_total`, `created_at`, `updated_at`) VALUES
(11,	'ACEH',	21983,	5805,	479,	149,	16046,	'2024-02-14 14:30:13',	'2024-02-14 14:35:13'),
(12,	'SUMATERA UTARA',	33857,	40736,	6769,	452,	45875,	'2024-02-14 14:30:13',	'2024-02-14 14:35:09'),
(13,	'SUMATERA BARAT',	50545,	25071,	2780,	434,	17569,	'2024-02-14 14:30:13',	'2024-02-14 14:35:16'),
(14,	'RIAU',	6026,	4479,	733,	54,	19366,	'2024-02-14 14:30:13',	'2024-02-14 14:35:16'),
(15,	'JAMBI',	1393,	2629,	428,	22,	11160,	'2024-02-14 14:30:14',	'2024-02-14 14:35:01'),
(16,	'SUMATERA SELATAN',	4794,	13541,	1856,	99,	25985,	'2024-02-14 14:30:14',	'2024-02-14 14:35:16'),
(17,	'BENGKULU',	892,	1752,	249,	14,	6210,	'2024-02-14 14:30:14',	'2024-02-14 14:35:07'),
(18,	'LAMPUNG',	41041,	123201,	25163,	927,	25825,	'2024-02-14 14:30:14',	'2024-02-14 14:34:39'),
(19,	'KEPULAUAN BANGKA BELITUNG',	10700,	19222,	5115,	164,	4116,	'2024-02-14 14:30:14',	'2024-02-14 14:34:14'),
(21,	'KEPULAUAN RIAU',	18774,	25301,	6966,	264,	5914,	'2024-02-14 14:30:14',	'2024-02-14 14:35:14'),
(31,	'DKI JAKARTA',	63292,	51970,	25858,	659,	30766,	'2024-02-14 14:30:14',	'2024-02-14 14:35:14'),
(32,	'JAWA BARAT',	107549,	134687,	30919,	1279,	140457,	'2024-02-14 14:30:14',	'2024-02-14 14:35:16'),
(33,	'JAWA TENGAH',	50683,	153897,	100053,	1460,	117299,	'2024-02-14 14:30:14',	'2024-02-14 14:35:15'),
(34,	'DAERAH ISTIMEWA YOGYAKARTA',	12731,	22304,	14958,	235,	11932,	'2024-02-14 14:30:14',	'2024-02-14 14:34:53'),
(35,	'JAWA TIMUR',	64706,	185347,	50778,	1389,	120666,	'2024-02-14 14:30:14',	'2024-02-14 14:35:15'),
(36,	'BANTEN',	64954,	75985,	24344,	739,	33324,	'2024-02-14 14:30:14',	'2024-02-14 14:35:16'),
(51,	'BALI',	5891,	50880,	35131,	430,	12809,	'2024-02-14 14:30:14',	'2024-02-14 14:34:58'),
(52,	'NUSA TENGGARA BARAT',	14253,	23543,	2405,	194,	16243,	'2024-02-14 14:30:14',	'2024-02-14 14:34:46'),
(53,	'NUSA TENGGARA TIMUR',	217,	1342,	573,	13,	16746,	'2024-02-14 14:30:14',	'2024-02-14 14:34:56'),
(61,	'KALIMANTAN BARAT',	31617,	53063,	13520,	511,	17626,	'2024-02-14 14:30:14',	'2024-02-14 14:35:12'),
(62,	'KALIMANTAN TENGAH',	556,	1607,	175,	13,	7830,	'2024-02-14 14:30:14',	'2024-02-14 14:34:36'),
(63,	'KALIMANTAN SELATAN',	11321,	15327,	1960,	156,	13584,	'2024-02-14 14:30:14',	'2024-02-14 14:35:07'),
(64,	'KALIMANTAN TIMUR',	2716,	10630,	1317,	74,	11441,	'2024-02-14 14:30:14',	'2024-02-14 14:35:16'),
(65,	'KALIMANTAN UTARA',	141,	312,	23,	3,	2295,	'2024-02-14 14:30:14',	'2024-02-14 14:33:38'),
(71,	'SULAWESI UTARA',	2822,	21265,	5225,	151,	8240,	'2024-02-14 14:30:14',	'2024-02-14 14:32:52'),
(72,	'SULAWESI TENGAH',	14528,	30445,	3456,	247,	9462,	'2024-02-14 14:30:14',	'2024-02-14 14:34:48'),
(73,	'SULAWESI SELATAN',	40078,	45868,	3641,	442,	26357,	'2024-02-14 14:30:14',	'2024-02-14 14:35:14'),
(74,	'SULAWESI TENGGARA',	8185,	16905,	1667,	142,	8154,	'2024-02-14 14:30:14',	'2024-02-14 14:35:10'),
(75,	'GORONTALO',	4968,	8086,	792,	64,	3539,	'2024-02-14 14:30:14',	'2024-02-14 14:34:36'),
(76,	'SULAWESI BARAT',	11532,	19424,	1957,	159,	4219,	'2024-02-14 14:30:14',	'2024-02-14 14:34:12'),
(81,	'MALUKU',	16791,	26025,	4635,	239,	5622,	'2024-02-14 14:30:14',	'2024-02-14 14:34:56'),
(82,	'MALUKU UTARA',	11167,	15699,	2184,	155,	4192,	'2024-02-14 14:30:14',	'2024-02-14 14:31:58'),
(91,	'PAPUA',	1149,	6938,	1441,	43,	3109,	'2024-02-14 14:30:14',	'2024-02-14 14:28:34'),
(92,	'PAPUA BARAT',	172,	892,	178,	8,	1923,	'2024-02-14 14:30:14',	'2024-02-14 14:27:31'),
(93,	'PAPUA SELATAN',	157,	809,	156,	7,	1770,	'2024-02-14 14:30:14',	'2024-02-14 14:32:47'),
(94,	'PAPUA TENGAH',	257,	1540,	297,	8,	4484,	'2024-02-14 14:30:15',	'2024-02-14 14:29:55'),
(95,	'PAPUA PEGUNUNGAN',	0,	0,	0,	0,	5850,	'2024-02-14 14:30:15',	'2024-02-14 13:36:19'),
(96,	'PAPUA BARAT DAYA',	954,	2521,	505,	21,	2156,	'2024-02-14 14:30:15',	'2024-02-14 14:20:26'),
(99,	'LUAR NEGERI',	21735,	29003,	16674,	242,	3198,	'2024-02-14 14:30:15',	'2024-02-14 14:34:57');

DROP TABLE IF EXISTS `tps`;
CREATE TABLE `tps` (
  `id` bigint unsigned NOT NULL AUTO_INCREMENT,
  `kelurahan_id` bigint unsigned NOT NULL,
  `nama` varchar(100) COLLATE utf8mb4_unicode_ci NOT NULL,
  `chart_01` int DEFAULT NULL,
  `chart_02` int DEFAULT NULL,
  `chart_03` int DEFAULT NULL,
  `suara_sah` int NOT NULL,
  `suara_total` int NOT NULL,
  `pengguna_j` int NOT NULL,
  `pemilih_j` int NOT NULL,
  `images_x1` varchar(100) COLLATE utf8mb4_unicode_ci NOT NULL,
  `images_x2` varchar(100) COLLATE utf8mb4_unicode_ci NOT NULL,
  `created_at` timestamp NULL DEFAULT NULL,
  `updated_at` timestamp NULL DEFAULT NULL,
  PRIMARY KEY (`id`),
  KEY `tps_kelurahan_id_foreign` (`kelurahan_id`),
  CONSTRAINT `tps_kelurahan_id_foreign` FOREIGN KEY (`kelurahan_id`) REFERENCES `kelurahan` (`id`)
) ENGINE=InnoDB DEFAULT CHARSET=utf8mb4 COLLATE=utf8mb4_unicode_ci;


DROP TABLE IF EXISTS `users`;
CREATE TABLE `users` (
  `id` bigint unsigned NOT NULL AUTO_INCREMENT,
  `name` varchar(255) COLLATE utf8mb4_unicode_ci NOT NULL,
  `email` varchar(255) COLLATE utf8mb4_unicode_ci NOT NULL,
  `email_verified_at` timestamp NULL DEFAULT NULL,
  `password` varchar(255) COLLATE utf8mb4_unicode_ci NOT NULL,
  `remember_token` varchar(100) COLLATE utf8mb4_unicode_ci DEFAULT NULL,
  `created_at` timestamp NULL DEFAULT NULL,
  `updated_at` timestamp NULL DEFAULT NULL,
  PRIMARY KEY (`id`),
  UNIQUE KEY `users_email_unique` (`email`)
) ENGINE=InnoDB DEFAULT CHARSET=utf8mb4 COLLATE=utf8mb4_unicode_ci;


-- 2024-02-14 14:39:03
